mkz,class
30340002,No Influence
30350016,No Influence
30350017,No Influence
30350018,No Influence
30360050,No Influence
30360051,No Influence
30360055,No Influence
30360056,No Influence
31310003,No Influence
31320017,No Influence
31320033,No Influence
31320038,No Influence
31320045,No Influence
31320049,No Influence
31320054,No Influence
31320062,No Influence
31320063,No Influence
31330017,No Influence
31330072,No Influence
31340028,No Influence
31340030,No Influence
31340031,No Influence
31350001,No Influence
31350004,No Influence
31350005,No Influence
31350016,No Influence
31350030,No Influence
31360011,No Influence
31360019,No Influence
31360025,No Influence
31360055,No Influence
31360088,No Influence
31360108,No Influence
31360111,No Influence
31360119,No Influence
31360120,No Influence
31370001,No Influence
31370019,No Influence
31370022,No Influence
31370031,No Influence
31380005,No Influence
31380006,No Influence
31380012,No Influence
31382912,No Influence
31382921,No Influence
31391526,No Influence
32300003,No Influence
32310007,No Influence
32310008,No Influence
32310009,No Influence
32320060,No Influence
32330012,No Influence
32330015,No Influence
32330016,No Influence
32330017,No Influence
32330018,No Influence
32330026,No Influence
32340003,No Influence
32340005,No Influence
32340006,No Influence
32340024,No Influence
32340025,No Influence
32350002,No Influence
32360020,No Influence
32360028,No Influence
32360043,No Influence
32360044,No Influence
32360063,No Influence
32360068,No Influence
32360084,No Influence
32360091,No Influence
32360103,No Influence
32360118,No Influence
32370006,No Influence
32370010,No Influence
32370030,No Influence
32370037,No Influence
32370064,No Influence
32370068,No Influence
32382390,No Influence
32382812,No Influence
32382845,No Influence
32382851,No Influence
32382852,No Influence
32382906,No Influence
32382908,No Influence
32382922,No Influence
32382943,No Influence
32392380,No Influence
32392410,No Influence
33310005,No Influence
33320004,No Influence
33320017,No Influence
33330001,No Influence
33330002,Weak Influence
33340002,No Influence
33350015,No Influence
33350017,No Influence
33360025,No Influence
33360026,No Influence
33360039,No Influence
33370003,No Influence
33370004,No Influence
33370006,No Influence
33370011,No Influence
33370014,No Influence
33370015,No Influence
33382352,No Influence
33382353,No Influence
33382566,No Influence
33382583,No Influence
33382711,No Influence
33382780,No Influence
33390001,No Influence
33392245,No Influence
33392340,No Influence
34320004,No Influence
34320005,No Influence
34320009,No Influence
34320014,No Influence
34320018,No Influence
34330012,No Influence
34330013,No Influence
34330014,No Influence
34340003,No Influence
34340004,No Influence
34340005,No Influence
34340006,No Influence
34340010,No Influence
34340011,No Influence
34340026,No Influence
34340027,No Influence
34350021,No Influence
34350022,No Influence
34350029,No Influence
34350030,No Influence
34350031,No Influence
34350047,Weak Influence
34360039,No Influence
34360043,No Influence
34362608,No Influence
34363308,No Influence
34370005,No Influence
34370013,No Influence
34370025,No Influence
34370028,No Influence
34370031,No Influence
34370046,Weak Influence
34370053,No Influence
34370055,No Influence
34370056,No Influence
34370062,No Influence
34370063,No Influence
34370068,No Influence
34376608,No Influence
34380018,No Influence
34380020,No Influence
34382562,No Influence
34382564,No Influence
34382625,No Influence
34382660,No Influence
35310001,No Influence
35320005,No Influence
35320009,No Influence
35320028,No Influence
35320029,No Influence
35320031,No Influence
35320032,No Influence
35330001,No Influence
35330007,No Influence
35330009,No Influence
35340013,No Influence
35340018,No Influence
35340021,No Influence
35340023,No Influence
35340024,No Influence
35340030,No Influence
35340034,No Influence
35340035,No Influence
35360005,No Influence
35360006,No Influence
35370058,No Influence
35370071,No Influence
35370082,No Influence
35376408,No Influence
35386612,No Influence
35386745,No Influence
35386746,No Influence
35386760,No Influence
35386836,No Influence
35386837,No Influence
35386838,No Influence
35386839,No Influence
35390109,No Influence
35390209,No Influence
35396706,No Influence
35396708,No Influence
35396735,No Influence
35396840,No Influence
36330006,No Influence
36330031,No Influence
36340006,No Influence
36340007,No Influence
36340015,No Influence
36340047,No Influence
36340100,No Influence
36340101,No Influence
36340102,No Influence
36340105,No Influence
36340106,No Influence
36340107,No Influence
36340109,No Influence
36340110,No Influence
36340117,No Influence
36340119,No Influence
36340120,No Influence
36350057,No Influence
36350060,No Influence
36350066,No Influence
36350084,No Influence
36350085,No Influence
36351509,No Influence
36360030,No Influence
36360032,No Influence
36360035,No Influence
36360037,No Influence
36360039,No Influence
36360040,No Influence
36360050,No Influence
36364808,Weak Influence
36375301,No Influence
36375304,No Influence
36375305,No Influence
36375306,No Influence
36375308,No Influence
36375309,No Influence
36385555,No Influence
36385595,No Influence
36385596,No Influence
36385911,No Influence
36385916,No Influence
36385923,No Influence
36385925,No Influence
36385926,No Influence
36395801,No Influence
36395802,No Influence
36395810,No Influence
36395811,No Influence
36395880,No Influence
36395982,No Influence
37320007,No Influence
37320009,No Influence
37320010,No Influence
37320011,No Influence
37330001,No Influence
37330002,No Influence
37340027,No Influence
37340030,No Influence
37350001,No Influence
37350073,No Influence
37350083,No Influence
37350084,No Influence
37350085,No Influence
37350086,No Influence
37360037,No Influence
37360039,No Influence
37360040,No Influence
37360041,No Influence
37360042,No Influence
37370033,No Influence
37370034,No Influence
37370035,No Influence
37370037,No Influence
37370043,No Influence
37370044,No Influence
37375212,No Influence
37375220,No Influence
37375225,No Influence
37380007,No Influence
37380008,No Influence
37380019,No Influence
37385450,No Influence
37385570,No Influence
37385610,No Influence
37385611,No Influence
37385650,No Influence
37385651,No Influence
37385672,No Influence
37395585,No Influence
37395588,No Influence
37395594,No Influence
37395595,No Influence
37395761,No Influence
37395766,No Influence
38320022,No Influence
38320026,No Influence
38320031,No Influence
38330001,No Influence
38330009,No Influence
38330010,Weak Influence
38330011,Weak Influence
38330012,No Influence
38350022,No Influence
38350024,No Influence
38350031,No Influence
38350072,No Influence
38350095,No Influence
38350097,No Influence
38350101,No Influence
38350112,No Influence
38350141,No Influence
38350146,No Influence
38350148,No Influence
38350150,No Influence
38350168,No Influence
38350169,No Influence
38350172,No Influence
38350174,No Influence
38350175,No Influence
38350177,No Influence
38350178,No Influence
38350201,No Influence
38350202,No Influence
38360006,No Influence
38360007,No Influence
38360018,No Influence
38360119,No Influence
38360138,No Influence
38360143,No Influence
38360145,No Influence
38360146,No Influence
38360147,No Influence
38360148,No Influence
38360149,No Influence
38370019,No Influence
38380001,Weak Influence
38380063,No Influence
38380067,No Influence
38385150,No Influence
38385180,No Influence
38385181,No Influence
38390021,No Influence
39300007,No Influence
39310005,No Influence
39310015,No Influence
39310016,No Influence
39320005,No Influence
39320012,No Influence
39320020,No Influence
39320022,No Influence
39320023,No Influence
39320024,No Influence
39330004,No Influence
39330010,No Influence
39330019,No Influence
39330022,No Influence
39350010,No Influence
39350020,No Influence
39350023,No Influence
39350025,No Influence
39350038,No Influence
39350039,No Influence
39360012,No Influence
39360015,No Influence
39360057,No Influence
39360058,No Influence
39360062,No Influence
39360065,No Influence
39360066,No Influence
39360067,No Influence
39360069,No Influence
39360070,No Influence
39366108,No Influence
39370004,No Influence
39380003,No Influence
39380012,No Influence
39380041,No Influence
39380043,No Influence
39380045,No Influence
39380509,No Influence
39384008,No Influence
39390015,No Influence
39390122,No Influence
39390123,No Influence
39390124,No Influence
39391290,No Influence
39391308,No Influence
39392290,No Influence
39393708,No Influence
39400002,No Influence
39400004,No Influence
39400005,No Influence
39400007,No Influence
39400010,No Influence
39405453,No Influence
40290011,No Influence
40300010,No Influence
40300018,No Influence
40300026,No Influence
40320021,No Influence
40320025,No Influence
40320035,No Influence
40320036,Weak Influence
40330014,No Influence
40330033,No Influence
40340007,No Influence
40340011,No Influence
40340024,No Influence
40350003,No Influence
40350072,No Influence
40350079,No Influence
40360006,No Influence
40360012,No Influence
40360013,No Influence
40360014,No Influence
40360019,No Influence
40360180,No Influence
40370003,No Influence
40370010,No Influence
40370021,No Influence
40370023,No Influence
40370077,No Influence
40370082,No Influence
40380003,No Influence
40380004,No Influence
40380007,No Influence
40380010,No Influence
40380014,No Influence
40380094,No Influence
40382609,No Influence
40390004,No Influence
40390005,No Influence
40390007,No Influence
40390010,No Influence
40390013,No Influence
40390015,No Influence
40390199,No Influence
40390807,Weak Influence
40392779,No Influence
40395449,No Influence
40400100,No Influence
40400997,No Influence
40401107,No Influence
40407671,No Influence
40410207,No Influence
40411207,No Influence
40420117,No Influence
40420185,Weak Influence
40420209,No Influence
40420897,No Influence
40423985,No Influence
40425497,No Influence
40427066,No Influence
40427166,No Influence
40427866,No Influence
40428066,No Influence
40428866,No Influence
40429066,No Influence
40430181,No Influence
40430797,No Influence
40431297,No Influence
40435597,No Influence
40437481,No Influence
40437781,No Influence
40439281,No Influence
40439481,No Influence
40439781,No Influence
41300010,No Influence
41300022,No Influence
41300024,No Influence
41310004,No Influence
41310018,No Influence
41310028,No Influence
41310029,No Influence
41310030,No Influence
41320002,No Influence
41330011,No Influence
41330031,No Influence
41330036,No Influence
41330038,No Influence
41340007,No Influence
41340024,No Influence
41342108,Weak Influence
41350184,No Influence
41352384,No Influence
41353184,No Influence
41360005,No Influence
41360027,No Influence
41360080,No Influence
41370001,No Influence
41370107,Weak Influence
41372109,No Influence
41373597,No Influence
41373697,No Influence
41380015,No Influence
41380016,No Influence
41380017,Weak Influence
41381001,No Influence
41381002,Weak Influence
41381003,Weak Influence
41381004,No Influence
41381005,Weak Influence
41382309,No Influence
41383797,No Influence
41383897,No Influence
41383997,No Influence
41390197,No Influence
41390393,No Influence
41390707,Weak Influence
41395399,No Influence
41400126,No Influence
41400138,No Influence
41400142,No Influence
41400297,No Influence
41400387,No Influence
41400587,No Influence
41400887,No Influence
41401208,No Influence
41401787,No Influence
41401887,No Influence
41405341,No Influence
41405344,No Influence
41405347,No Influence
41406900,No Influence
41406914,No Influence
41410198,No Influence
41410409,No Influence
41410509,No Influence
41412797,No Influence
41413497,No Influence
41417101,No Influence
41419101,No Influence
41420609,No Influence
41424197,No Influence
41425097,No Influence
41425697,No Influence
41425797,No Influence
41430206,No Influence
41431397,No Influence
41431981,No Influence
41435897,No Influence
41435997,No Influence
41437403,No Influence
41438468,No Influence
41439403,No Influence
41447271,No Influence
41449271,No Influence
42310001,No Influence
42310002,Weak Influence
42320019,No Influence
42320029,No Influence
42320044,No Influence
42320049,No Influence
42340003,No Influence
42340909,Weak Influence
42350004,No Influence
42350006,No Influence
42350007,No Influence
42350008,No Influence
42350010,No Influence
42350105,No Influence
42352184,No Influence
42352884,No Influence
42357101,No Influence
42358101,No Influence
42358102,No Influence
42359101,No Influence
42360030,No Influence
42360308,No Influence
42370001,No Influence
42370006,No Influence
42370194,No Influence
42370508,No Influence
42371497,No Influence
42380006,No Influence
42380065,No Influence
42380106,No Influence
42380407,No Influence
42380468,No Influence
42381509,Weak Influence
42381568,No Influence
42381597,No Influence
42383568,No Influence
42390179,No Influence
42390279,No Influence
42390578,No Influence
42390679,No Influence
42390879,No Influence
42391079,No Influence
42391179,No Influence
42391472,No Influence
42391672,No Influence
42392897,No Influence
42401108,No Influence
42402997,No Influence
42403197,Weak Influence
42403297,No Influence
42410003,No Influence
42410008,No Influence
42411697,No Influence
42413397,No Influence
42415306,No Influence
42417016,No Influence
42419006,No Influence
42419069,No Influence
42420008,No Influence
42420012,No Influence
42420104,No Influence
42420112,No Influence
42420397,No Influence
42420497,No Influence
42420709,Weak Influence
42422209,Weak Influence
42424097,No Influence
42424297,No Influence
42424397,No Influence
42424597,No Influence
42430106,No Influence
42430107,No Influence
42435142,No Influence
42436003,No Influence
42436097,No Influence
42437070,No Influence
42437170,No Influence
42437270,No Influence
42437503,No Influence
42437605,No Influence
42437670,No Influence
42438270,No Influence
42439070,No Influence
42439170,No Influence
42439270,No Influence
42439503,No Influence
42439670,No Influence
42441276,No Influence
42441997,No Influence
42446297,No Influence
42447170,No Influence
42447370,No Influence
42448370,No Influence
42449370,No Influence
43329001,No Influence
43340001,No Influence
43340003,No Influence
43340004,No Influence
43340010,No Influence
43340011,No Influence
43350009,No Influence
43350012,No Influence
43350015,No Influence
43352196,No Influence
43352597,Weak Influence
43352697,Moderate Influence
43357288,No Influence
43359888,No Influence
43360003,No Influence
43360009,No Influence
43360013,No Influence
43360017,No Influence
43360019,No Influence
43360020,No Influence
43360021,No Influence
43360022,No Influence
43360106,No Influence
43360408,No Influence
43361008,No Influence
43370005,No Influence
43370009,No Influence
43370014,No Influence
43370015,No Influence
43370021,No Influence
43370032,No Influence
43370106,No Influence
43371004,No Influence
43371005,No Influence
43371013,No Influence
43380003,No Influence
43380007,No Influence
43380026,No Influence
43380037,No Influence
43380039,No Influence
43380045,No Influence
43380046,No Influence
43380212,No Influence
43380227,No Influence
43380232,No Influence
43380234,No Influence
43382668,No Influence
43390309,Weak Influence
43390344,No Influence
43390345,No Influence
43392097,No Influence
43392297,No Influence
43392397,No Influence
43401071,No Influence
43401897,Weak Influence
43402497,No Influence
43407272,No Influence
43407771,Weak Influence
43407871,Weak Influence
43409272,No Influence
43409771,No Influence
43410106,Weak Influence
43411797,No Influence
43414771,Weak Influence
43414871,No Influence
43414971,No Influence
43416171,No Influence
43416471,Weak Influence
43417171,Weak Influence
43417271,Weak Influence
43417371,Weak Influence
43417471,No Influence
43418471,No Influence
43419171,No Influence
43419371,Weak Influence
43419471,No Influence
43420059,No Influence
43420066,No Influence
43420072,No Influence
43420193,No Influence
43420293,No Influence
43425058,No Influence
43425059,No Influence
43425060,No Influence
43425061,No Influence
43425066,No Influence
43425068,No Influence
43425069,No Influence
43425100,No Influence
43425103,No Influence
43425105,No Influence
43425106,No Influence
43425107,Weak Influence
43427493,No Influence
43427678,No Influence
43427778,No Influence
43429421,No Influence
43429493,No Influence
43429678,No Influence
43429730_1,Weak Influence
43429730_2,Weak Influence
43429778,No Influence
43435043,No Influence
43435044,No Influence
43435045,No Influence
43435072,No Influence
43435073,No Influence
43435074,No Influence
43435075,No Influence
43435077,No Influence
43435078,No Influence
43435079,No Influence
43435080,No Influence
43435081,No Influence
43435082,No Influence
43435083,No Influence
43435084,No Influence
43435085,No Influence
43435086,No Influence
43435087,No Influence
43435088,No Influence
43435089,No Influence
43435090,No Influence
43435091,No Influence
43435095,No Influence
43435097,No Influence
43435116,No Influence
43436197,No Influence
43439420,No Influence
43440001,No Influence
43440002_2,No Influence
44310302,No Influence
44320001,No Influence
44320102,No Influence
44320202,No Influence
44330402,No Influence
44330502,No Influence
44339213,No Influence
44340182,No Influence
44340198,Weak Influence
44340774,No Influence
44340874,No Influence
44340974,No Influence
44341596,No Influence
44347474,No Influence
44349474,No Influence
44350001,No Influence
44350002,No Influence
44350003,No Influence
44350005,No Influence
44350014,No Influence
44350022,No Influence
44350110,No Influence
44350396,No Influence
44351109,Weak Influence
44357685,No Influence
44357785,Weak Influence
44357885,No Influence
44357984,No Influence
44359785,Weak Influence
44360001,No Influence
44360033,No Influence
44360065,No Influence
44360131,No Influence
44360781,No Influence
44360881,Weak Influence
44361869,No Influence
44362569,No Influence
44362869,No Influence
44367483,Weak Influence
44369483,Weak Influence
44370001,No Influence
44370004,No Influence
44370009,No Influence
44370010,No Influence
44370014,No Influence
44370017,No Influence
44370020,No Influence
44370023,No Influence
44370025,No Influence
44370031,No Influence
44370032,No Influence
44370033,No Influence
44370034,No Influence
44370035,No Influence
44370106,Weak Influence
44370140,No Influence
44370320,No Influence
44370610,No Influence
44373298,No Influence
44375098,No Influence
44380001,No Influence
44380006,No Influence
44380007,No Influence
44380013,No Influence
44380016,No Influence
44380018,No Influence
44380025,No Influence
44380026,No Influence
44380027,No Influence
44380030,No Influence
44380033,No Influence
44380061,No Influence
44380072,No Influence
44380073,No Influence
44380104,No Influence
44380110,No Influence
44380114,No Influence
44380214,No Influence
44380502,No Influence
44380574,No Influence
44380708,Weak Influence
44381309,Weak Influence
44390001,Weak Influence
44390016,No Influence
44390104,No Influence
44390109,Weak Influence
44390376_1,Weak Influence
44390376_2,No Influence
44390674,No Influence
44391374,No Influence
44391474,No Influence
44392197,Weak Influence
44392576,Weak Influence
44392676,Weak Influence
44392976_2,No Influence
44392976_3,Weak Influence
44393276,Weak Influence
44393876,Weak Influence
44394076,Weak Influence
44396262,No Influence
44396267,No Influence
44396268,No Influence
44396269,No Influence
44396279,No Influence
44396281,No Influence
44396283,No Influence
44396284,No Influence
44396285,No Influence
44396286,No Influence
44396300,No Influence
44396301,No Influence
44396305,No Influence
44396310,No Influence
44396311,No Influence
44396312,No Influence
44396313,No Influence
44396314,No Influence
44396315,No Influence
44396316,No Influence
44396317,No Influence
44396318,No Influence
44396321,No Influence
44396323,No Influence
44396325,No Influence
44396336,No Influence
44399354,No Influence
44399398,Weak Influence
4439ST0001,Moderate Influence
44400025,Weak Influence
44400238,Moderate Influence
44400323_1,Weak Influence
44400323_2,No Influence
44400361_1,Weak Influence
44400361_2,Moderate Influence
44400501,No Influence
44400865_1,No Influence
44400865_2,Weak Influence
44400865_3,Moderate Influence
44401266_1,Moderate Influence
44401566_1,Weak Influence
44401566_3,Weak Influence
44402666_2,No Influence
44402666_3,Weak Influence
44402666_4,Moderate Influence
44403366_1,No Influence
44403366_2,Moderate Influence
44403366_3,No Influence
44405267_1,No Influence
44405267_2,No Influence
44406309,No Influence
44406337,No Influence
44406339,No Influence
44406340,No Influence
44406341,No Influence
44406363,No Influence
44406364,No Influence
44406366,No Influence
44406370,No Influence
44406377,No Influence
44406378,No Influence
44406379,No Influence
44406380,No Influence
44406387,No Influence
44406388,No Influence
44406389,No Influence
44406391,No Influence
44406392,No Influence
44406394,No Influence
44406395,No Influence
44406396,No Influence
44406397,No Influence
44406400,No Influence
44406402,No Influence
44406403,No Influence
44406406,No Influence
44406407,No Influence
44406409,No Influence
44406410,No Influence
44406411,No Influence
44406412,No Influence
44406417,No Influence
44406418,No Influence
44406420,No Influence
44406421,No Influence
44406432,No Influence
44406436,No Influence
44406440,No Influence
44406441,No Influence
44406443,No Influence
44406444,No Influence
44406446,No Influence
44406447,No Influence
44406448,No Influence
44406449,No Influence
44406451,No Influence
44406452,No Influence
44406453,No Influence
44406454,No Influence
44406455,No Influence
44406456,No Influence
44406457,No Influence
44406474,No Influence
44406475,No Influence
44406476,No Influence
44406477,No Influence
44406479,No Influence
44406480,No Influence
44406481,No Influence
44406483,No Influence
44409353,Weak Influence
44409360,No Influence
44410050,No Influence
44410264_1,No Influence
44410264_2,No Influence
44410264_3,Strong Influence
44410322_1,No Influence
44410322_2,Weak Influence
44410348,Weak Influence
44410382_1,No Influence
44410382_2,Weak Influence
44410506_1,No Influence
44410506_2,Weak Influence
44410506_4,Weak Influence
44411766_1,No Influence
44411766_2,No Influence
44411766_3,No Influence
44416067_1,No Influence
44416067_2,Moderate Influence
44416167_1,No Influence
44416167_2,No Influence
44416167_3,Weak Influence
44416268_1,No Influence
44416268_2,Moderate Influence
44416468_1,No Influence
44416468_2,Weak Influence
44416471,No Influence
44416479,No Influence
44416480,No Influence
44416481,No Influence
44416482,No Influence
44416483,No Influence
44416484,No Influence
44416485,No Influence
44416486,No Influence
44416488,No Influence
44416492,No Influence
44416493,No Influence
44416494,No Influence
44416497,No Influence
44416498,No Influence
44416501,No Influence
44416505,No Influence
44416506,No Influence
44416510,No Influence
44416517,No Influence
44416518,No Influence
44416531,No Influence
44416532,No Influence
44416533,No Influence
44416534,No Influence
44416535,No Influence
44416536,No Influence
44416541,No Influence
44416542,No Influence
44416543,No Influence
44416548,No Influence
44416549,No Influence
44416551,No Influence
44416552,No Influence
44416553,No Influence
44416555,No Influence
44416556,No Influence
44416557,No Influence
44416610,No Influence
44420002,No Influence
44424567_1,No Influence
44424567_3,No Influence
44424767_1,No Influence
44424767_3,No Influence
44425367_1,No Influence
44425367_3,No Influence
44425470,No Influence
44425471,No Influence
44425476,No Influence
44426530,No Influence
44426567,No Influence
44426571,No Influence
44426572,No Influence
44426573,No Influence
44426574,No Influence
44426575,No Influence
44426576,No Influence
44429484,No Influence
44430034_1,No Influence
44430053,No Influence
44430201,No Influence
44440102_1,No Influence
44440104,No Influence
44445022,No Influence
44445023,No Influence
44445029,No Influence
44445034,No Influence
44445035,No Influence
4451B6018,Moderate Influence
4451B6053,Moderate Influence
4451B6085,Strong Influence
44527351,No Influence
4452B4597,No Influence
4452B4607,No Influence
4452B4806,No Influence
44533080,No Influence
44533384,No Influence
4453B4234,Weak Influence
4453B4540,Weak Influence
4453B4672,Weak Influence
4453B5631,Weak Influence
4453B5632,No Influence
4454B0080,Weak Influence
4454B0135,No Influence
4454B0136,No Influence
4454B0165,No Influence
4454B0168,No Influence
4454P00001,No Influence
4454P00002,No Influence
4454P00003,No Influence
45316667,No Influence
45319209,No Influence
45319210,No Influence
45320198,No Influence
45320217,No Influence
45320329,No Influence
45320602,No Influence
45320702,No Influence
45320802,No Influence
45326516,No Influence
45326569,No Influence
45326671,No Influence
45326675,No Influence
45326680,No Influence
45326683,No Influence
45329211,No Influence
45329212,No Influence
45330101,No Influence
45330198,No Influence
45330201,No Influence
45330301,No Influence
45330401,No Influence
45330902,No Influence
45331002,No Influence
45331009,No Influence
45336572,No Influence
45336579,No Influence
45336585,No Influence
45336589,No Influence
45336600,No Influence
45336609,No Influence
45339025,No Influence
45340196,No Influence
45340267,No Influence
45340268,No Influence
45340269,No Influence
45340487,No Influence
45340987,No Influence
45341088,No Influence
45341102,Weak Influence
45341202,No Influence
45341287,No Influence
45341302,No Influence
45341487,No Influence
45341709,No Influence
45346620,No Influence
45350025,No Influence
45350026,No Influence
45350027,No Influence
45350029,No Influence
45350031,No Influence
45350032,No Influence
45350033,No Influence
45350587,No Influence
45351028,No Influence
45351587,No Influence
45360003,No Influence
45360005,Weak Influence
45360007,No Influence
45360018,No Influence
45360060,No Influence
45360061,No Influence
45360105,No Influence
45360107,No Influence
45360110,No Influence
45360196,Weak Influence
45360211,No Influence
45360296,No Influence
45360596,No Influence
45369062,No Influence
45370020,No Influence
45370024,No Influence
45370030,No Influence
45370031,No Influence
45370067,No Influence
45370105,No Influence
45370120,No Influence
45370128,No Influence
45370130,No Influence
45370203,No Influence
45370260,No Influence
45370330,No Influence
45370410,No Influence
45370897,No Influence
45371005,No Influence
45371306,No Influence
45371500,No Influence
45373697,No Influence
45373798,No Influence
45373998,No Influence
45376000,No Influence
45379040,No Influence
45380005,No Influence
45380009,Weak Influence
45380010,Weak Influence
45380011,No Influence
45380015,No Influence
45380017,Weak Influence
45380021,No Influence
45380107,Weak Influence
45380210,No Influence
45380220,No Influence
45380230,No Influence
45380250,No Influence
45380808,No Influence
45380871,Weak Influence
45380872,Weak Influence
45382409,No Influence
45387194,Weak Influence
45387294,No Influence
45387494,Weak Influence
45389194,No Influence
45389294,No Influence
45389494,No Influence
45390002,No Influence
45390004,Weak Influence
45390006,No Influence
45390007,Moderate Influence
45390014,No Influence
45390017,No Influence
45390023,No Influence
45390090,Weak Influence
45394376,Weak Influence
45394676,No Influence
45396218,No Influence
45396221,No Influence
45396222,No Influence
45396229,No Influence
45396230,No Influence
45396231,No Influence
45396233,No Influence
45396234,No Influence
45396236,No Influence
45396237,No Influence
45396238,No Influence
45396239,No Influence
45396240,No Influence
45396241,No Influence
45396242,No Influence
45396243,No Influence
45396244,No Influence
45396245,No Influence
45396246,No Influence
45396247,No Influence
45396248,No Influence
45396249,No Influence
45396250,No Influence
45396252,No Influence
45396253,No Influence
45396254,No Influence
45396255,No Influence
45396256,No Influence
45396258,No Influence
45396259,No Influence
45396260,No Influence
45396261,No Influence
45396267,No Influence
45396268,No Influence
45400016,Weak Influence
45400022_1,No Influence
45400022_2,No Influence
45400022_3,No Influence
45400040,No Influence
45400048_1,No Influence
45400048_2,Weak Influence
45400522,No Influence
45400604,No Influence
45400717,No Influence
45401288,No Influence
45401323,No Influence
45401342,No Influence
45406137,No Influence
45406145,No Influence
45406146,No Influence
45406147,No Influence
45406149,No Influence
45406150,No Influence
45406152,No Influence
45406153,No Influence
45406154,No Influence
45406156,No Influence
45406157,No Influence
45406160,No Influence
45406161,No Influence
45406162,No Influence
45406163,No Influence
45406164,No Influence
45406165,No Influence
45406166,No Influence
45406168,No Influence
45406169,No Influence
45406170,No Influence
45406171,No Influence
45406172,No Influence
45406173,No Influence
45406175,No Influence
45406177,No Influence
45406178,No Influence
45406180,No Influence
45406183,No Influence
45406184,No Influence
45406185,No Influence
45406186,No Influence
45406187,No Influence
45406373,No Influence
45406374,No Influence
45406375,No Influence
45406384,No Influence
45406385,No Influence
45406386,No Influence
45406477,No Influence
45406480,No Influence
45410001_1,No Influence
45410001_2,No Influence
45410012,No Influence
45410449,No Influence
45411340,No Influence
45411587_1,No Influence
45411587_2,No Influence
45411588,No Influence
45411589,No Influence
45412066_1,No Influence
45412066_2,No Influence
45412066_3,Weak Influence
45416104,No Influence
45416116,No Influence
45416117,No Influence
45416118,No Influence
45416119,No Influence
45416126,No Influence
45416127,No Influence
45416128,No Influence
45416129,No Influence
45416130,No Influence
45416132,No Influence
45416133,No Influence
45416135,No Influence
45416138,No Influence
45416139,No Influence
45416140,No Influence
45416141,No Influence
45416458,No Influence
45416459,No Influence
45416461,No Influence
45416462,No Influence
45416465,No Influence
45416466,No Influence
45416467,No Influence
45416468,No Influence
45416479,No Influence
45416526,No Influence
45416528,No Influence
45416529,No Influence
45416538,No Influence
45416539,No Influence
45416540,No Influence
45420012,No Influence
45420899,No Influence
45420900,No Influence
45421335,No Influence
45421336,No Influence
45426104,No Influence
45426105,No Influence
45426106,No Influence
45426107,No Influence
45426108,No Influence
45426109,No Influence
45426110,No Influence
45426111,No Influence
45426113,No Influence
45426114,No Influence
45426115,No Influence
45426142,No Influence
45426278,Weak Influence
45429513,No Influence
45430001,No Influence
45430523,No Influence
45431737,No Influence
45440300_2,No Influence
45440655,No Influence
45445017,No Influence
45445018,No Influence
45445019,No Influence
45450001_1a,No Influence
45450001_2,No Influence
45460301,No Influence
45460311,No Influence
45461513,No Influence
45461636,No Influence
45503372,No Influence
45503376,No Influence
45503442,Weak Influence
45503443,No Influence
45503444,No Influence
45503445,No Influence
45503446,No Influence
45503801_1,No Influence
45509002,No Influence
4550B145,No Influence
45510001,No Influence
45512208,Moderate Influence
45513450,No Influence
45513515,Weak Influence
45513558,No Influence
45518126,No Influence
45528110,No Influence
4553B4537,Strong Influence
4553B4539,Moderate Influence
4553B4813,Strong Influence
45543090,No Influence
45543092,No Influence
45546201,Moderate Influence
45549001,No Influence
4554B0022,Weak Influence
4554B3426,Moderate Influence
4554B3631,No Influence
4554B3714,Weak Influence
4554B4719,Weak Influence
4554B4778,Weak Influence
45553050,No Influence
4555B0053,Weak Influence
4555B0066,No Influence
4555B0073,No Influence
4555B0100,No Influence
4555B0110,Weak Influence
4555B0112,No Influence
4555B0140,No Influence
4555B0141,Weak Influence
4555B0148,No Influence
4555B0149,No Influence
4555B3668,No Influence
4555B3669,No Influence
4555B3683,Weak Influence
4555B3688,No Influence
4555P00004,No Influence
4555P00005,No Influence
4555P00006,No Influence
4555P00007,No Influence
4555P00008,No Influence
4555P00009,No Influence
4555P00010,No Influence
4555P00011,No Influence
4555P00013,No Influence
4555P00014,No Influence
4555P00015,No Influence
4555P00017,No Influence
4555P00018,No Influence
4555P00019,No Influence
4555P00020,No Influence
46340001,No Influence
46340002,No Influence
46341402,No Influence
46350001,No Influence
46350002,No Influence
46350111,No Influence
46350389,No Influence
46360002,No Influence
46360108,Strong Influence
46360696,Weak Influence
46362116,No Influence
46370130,No Influence
46376000,No Influence
46380011,No Influence
46380113,No Influence
46380196,No Influence
46380502,No Influence
46380504,No Influence
46381409,Weak Influence
46384533,No Influence
46390001,No Influence
46390003,No Influence
46390004,No Influence
46390005,No Influence
46390007,No Influence
46390008,No Influence
46390009,No Influence
46390010,Weak Influence
46390011,No Influence
46390014,No Influence
46390017,No Influence
46390018,Weak Influence
46390020,No Influence
46390021,Weak Influence
46390035,No Influence
46390040,No Influence
46390059,No Influence
46390060,No Influence
46390061,No Influence
46390062,No Influence
46390063,No Influence
46390064,No Influence
46390067,No Influence
46390068,No Influence
46390069,No Influence
46390076,No Influence
46390079,Weak Influence
46390101,No Influence
46390103,No Influence
46390104,No Influence
46390109,No Influence
46390117_1,Weak Influence
46390117_2,Weak Influence
46390120,Weak Influence
46390131,No Influence
46390150,Weak Influence
46390204,No Influence
46390206,No Influence
46390298,No Influence
46390382_1,No Influence
46390570,No Influence
46390714,Weak Influence
46390715,No Influence
46390851,No Influence
46391246,No Influence
46391293,No Influence
46391311,No Influence
46391313,No Influence
46391314,No Influence
46391316,No Influence
46391417,No Influence
46391418,No Influence
46391420,No Influence
46391422,No Influence
46391693,No Influence
46391702,Moderate Influence
46391705,No Influence
46392245_1,No Influence
46392245_2,Weak Influence
46392270,No Influence
46392294,No Influence
46392295_1,No Influence
46392295_2,Weak Influence
46392296,No Influence
46392323,No Influence
46392762,No Influence
4639E0101,No Influence
46400001,No Influence
46400003,No Influence
46400004,No Influence
46400005,Weak Influence
46400007,No Influence
46400008,No Influence
46400009,No Influence
46400011,No Influence
46400013,No Influence
46400016,No Influence
46400017,Weak Influence
46400021,No Influence
46400023,No Influence
46400025,No Influence
46400026,No Influence
46400027,Weak Influence
46400028,No Influence
46400029,No Influence
46400030_2,Weak Influence
46400032,No Influence
46400033,No Influence
46400034,No Influence
46400035,No Influence
46400036,No Influence
46400038,No Influence
46400039,No Influence
46400046,No Influence
46400047,No Influence
46400072_2,No Influence
46400102,No Influence
46400122,No Influence
46400128,No Influence
46400161_1,No Influence
46400208,No Influence
46400415,No Influence
46400516,No Influence
46400520,No Influence
46400595,No Influence
46400998,No Influence
46401337,No Influence
46401338,No Influence
46401339,No Influence
46401403,No Influence
46401502,No Influence
46401504,No Influence
46401505_1,No Influence
46401505_2,No Influence
46401507,No Influence
46401508,No Influence
46401509,No Influence
46401510,No Influence
46401512,No Influence
46401517_1,No Influence
46401517_2,No Influence
46402234_1,Weak Influence
46402234_2,Weak Influence
46402281,No Influence
46402299,No Influence
46402326,No Influence
46402637,No Influence
46402805_1,No Influence
46402805_2,No Influence
46402811_2,No Influence
4640E0208,No Influence
46410001,No Influence
46410001_4,No Influence
46410013,No Influence
46410013K,No Influence
46410041,No Influence
46410042,No Influence
46410074,No Influence
46410107,No Influence
46410216,No Influence
46410301,No Influence
46410302,No Influence
46410303,No Influence
46410304,No Influence
46410356,No Influence
46410417,No Influence
46410420,No Influence
46410428,No Influence
46410431,No Influence
46410441,No Influence
46410461,No Influence
46410482,No Influence
46410483,No Influence
46410484,No Influence
46410525,No Influence
46410660,No Influence
46410661,No Influence
46410720,No Influence
46410891,No Influence
46410981,No Influence
46410P14,No Influence
46411077,No Influence
46411088,No Influence
46411341,No Influence
46411934,No Influence
46412000_1,No Influence
46412000_2,No Influence
46420108,No Influence
46420524,No Influence
46420525,No Influence
46420526,No Influence
46420661,No Influence
46420893,No Influence
46420894,No Influence
46420896,No Influence
46420897,No Influence
46420901,No Influence
46421125,No Influence
46421331,No Influence
46421332,No Influence
46421334,No Influence
46421986,No Influence
46421987,No Influence
46421988,No Influence
46429519,No Influence
46430115,No Influence
46430116,No Influence
46430119,No Influence
46430359,No Influence
46430531,No Influence
46430532,No Influence
46430953,No Influence
46431146,No Influence
46431536,No Influence
46433496,No Influence
46433598,No Influence
46433612,No Influence
46434009,No Influence
46436307,No Influence
46436308,No Influence
46440126,No Influence
46440127,No Influence
46440129,No Influence
46440130,No Influence
46440536,No Influence
46440537,No Influence
46440540,No Influence
46440652,No Influence
46440654,No Influence
46440656,No Influence
46440927,No Influence
46441106,No Influence
46441147,No Influence
46441687,No Influence
46450133,No Influence
46450134,No Influence
46450136,No Influence
46450138,No Influence
46450139,No Influence
46450140,No Influence
46450255,No Influence
46450256,No Influence
46450258,No Influence
46450541,No Influence
46450664,No Influence
46450987,No Influence
46451168,No Influence
46451205,No Influence
46451344,No Influence
46454034,No Influence
46460259,No Influence
46460260,No Influence
46460303,No Influence
46460306,No Influence
46460309,No Influence
46460562,No Influence
46460563,No Influence
46460564,No Influence
46460565,No Influence
46460567,No Influence
46460569,No Influence
46460996,No Influence
46461537,No Influence
46461875,No Influence
46461877,No Influence
46464050,No Influence
46466042,No Influence
46466045,No Influence
46466048,No Influence
46468076,No Influence
46468077,No Influence
46468078,No Influence
46468080,No Influence
46470364,No Influence
46470365,No Influence
46470366,No Influence
46470367,No Influence
46470570,No Influence
46470571,No Influence
46470608,No Influence
46470616,No Influence
46471515,No Influence
46471533,Weak Influence
46471870,No Influence
46476439,No Influence
46476440,No Influence
46476448,No Influence
46478062,No Influence
46478065,No Influence
46478066,No Influence
46478068,No Influence
46478069,No Influence
46478070,No Influence
46478073,No Influence
46478074,No Influence
46478075,No Influence
46481139,No Influence
46481988,No Influence
46486423,No Influence
46490626,No Influence
46491138,No Influence
46491140,No Influence
46500576,No Influence
46500578,No Influence
46500580,No Influence
46501982,No Influence
46504027,No Influence
46506601,No Influence
46510388,No Influence
46510389,No Influence
46510609,No Influence
46511391,No Influence
46513453,No Influence
46513553,No Influence
46513559,No Influence
46513560,No Influence
46513564,No Influence
46513565,No Influence
46516001,No Influence
46516601_1,No Influence
46519001,No Influence
46520731,No Influence
46521560,No Influence
46521933,No Influence
46523177,No Influence
46523566,No Influence
46523568,No Influence
46523573,No Influence
46530582,No Influence
46533069,Weak Influence
46533070,No Influence
46533075,No Influence
46533456,No Influence
46539002,No Influence
46539386,No Influence
46539390,No Influence
46539392,No Influence
4653B3724,Moderate Influence
4653B6075,Moderate Influence
46540001,No Influence
46543053,No Influence
46543071,No Influence
46543073,No Influence
46543079,No Influence
46543081,No Influence
46543094,No Influence
46543095,No Influence
46543098,No Influence
46546102,No Influence
46549304,No Influence
46549314,No Influence
46549316,No Influence
46549318,No Influence
46549322,No Influence
46549323,No Influence
46549334,No Influence
46549336,No Influence
46549338,No Influence
46549340,No Influence
46549342,No Influence
46549344,No Influence
46549346,No Influence
46549350,No Influence
46549352,No Influence
46549358,No Influence
46549376,No Influence
46549378,No Influence
46549380,No Influence
46549384,No Influence
46549388,No Influence
46549402,No Influence
46549403,No Influence
46549420,No Influence
46549421,No Influence
46549422,No Influence
46549431,No Influence
46549432,No Influence
46549442,No Influence
46549443,No Influence
46549444,No Influence
46549501,No Influence
46549507,No Influence
46549516,No Influence
46549517,No Influence
46549522,No Influence
4654B4006,Moderate Influence
46553001,No Influence
46553054,No Influence
46553055,No Influence
46553056,No Influence
46553061,No Influence
46553062,No Influence
46553074,No Influence
46559300,No Influence
46559324,No Influence
46559325,No Influence
4655B4194,No Influence
4655P00021,No Influence
4655P00022,No Influence
4655P00023,No Influence
46563004,No Influence
47340206,No Influence
47340502,No Influence
47340702,No Influence
47346269,No Influence
47350197,No Influence
47350198,Weak Influence
47350402,No Influence
47350483,Weak Influence
47350883,No Influence
47356282,No Influence
47357776,No Influence
47359776,No Influence
47360001,No Influence
47360014,No Influence
47360192,No Influence
47360392,No Influence
47360492,No Influence
47361169,No Influence
47361197,No Influence
47361198,Weak Influence
47361701,No Influence
47361901,Moderate Influence
47362009,Weak Influence
47362198,Moderate Influence
47366042,No Influence
47366045,No Influence
47366287,No Influence
47370035,No Influence
47370101,No Influence
47370302,No Influence
47370696,No Influence
47371401,No Influence
47371501,No Influence
47371601,Weak Influence
47380002,No Influence
47380007,No Influence
47380013,No Influence
47380016,No Influence
47380051,No Influence
47380102,No Influence
47380197,No Influence
47380201,No Influence
47381010,No Influence
47381030,No Influence
47381060,No Influence
47390001,No Influence
47390002,No Influence
47390006,No Influence
47390007,No Influence
47390008,No Influence
47390010,No Influence
47390013,No Influence
47390014,No Influence
47390017,No Influence
47390020,No Influence
47390021,No Influence
47390022,No Influence
47390023,No Influence
47390026,Weak Influence
47390029,No Influence
47390030,No Influence
47390032,No Influence
47390033,No Influence
47390048,No Influence
47390049,No Influence
47390050,Weak Influence
47390115,No Influence
47390118,No Influence
47390119,No Influence
47390123,No Influence
47390132,No Influence
47390192,No Influence
47390515,No Influence
47390517,No Influence
47390518,No Influence
47390611,No Influence
47390727,No Influence
47391031,No Influence
47391032,No Influence
47391033,No Influence
47391034,No Influence
47391035,No Influence
47391037,Weak Influence
47391118,Weak Influence
47391169,No Influence
47391294,No Influence
47391295,No Influence
47391297,No Influence
47391299,No Influence
47391300,No Influence
47391309,No Influence
47391345,No Influence
47391349,No Influence
47391350,No Influence
47391388,No Influence
47391476,Weak Influence
47391476a,No Influence
47391478,No Influence
47391479,Weak Influence
47391481,Weak Influence
47391482,No Influence
47398014,No Influence
4739E1295,No Influence
47400003,Weak Influence
47400005,No Influence
47400016,No Influence
47400018,No Influence
47400049,No Influence
47400050,No Influence
47400051,No Influence
47400052,No Influence
47400054,No Influence
47400055,No Influence
47400057,No Influence
47400149,No Influence
47400150,No Influence
47400153,No Influence
47400459,Moderate Influence
47400486,No Influence
47400543,No Influence
47400701,Strong Influence
47400722,No Influence
47401258,No Influence
47401282,No Influence
47401306,No Influence
47401307,No Influence
47401308,Weak Influence
47401571,No Influence
47401572,No Influence
47401941,No Influence
47402780_2,Moderate Influence
47402783,No Influence
47402788,Weak Influence
4740B0222,No Influence
47410001,No Influence
47410002_1,No Influence
47410003,No Influence
47410003s,No Influence
47410004,No Influence
47410005,No Influence
47410006,No Influence
47410012_1,No Influence
47410013,No Influence
47410015,No Influence
47410017,No Influence
47410020,No Influence
47410022,No Influence
47410023,No Influence
47410025_1,No Influence
47410025_2,No Influence
47410030,No Influence
47410045,Weak Influence
47410051,No Influence
47410053,No Influence
47410054,No Influence
47410055,No Influence
47410056,No Influence
47410079,No Influence
474100B4_2,Weak Influence
474100B5_2,Weak Influence
474100B6,No Influence
474100B6_1,Weak Influence
474100P7,No Influence
474100P8,No Influence
474100P9,No Influence
47410102g,No Influence
47410108,No Influence
47410110,No Influence
47410113,No Influence
47410172,No Influence
47410201,No Influence
47410205,No Influence
47410207,No Influence
47410214a,No Influence
47410221,No Influence
47410224,Weak Influence
47410225,Weak Influence
47410228,No Influence
47410231,No Influence
47410260,No Influence
47410304,No Influence
474104_1,No Influence
474104_2,No Influence
47410402,No Influence
47410404,No Influence
47410405,No Influence
47410405a,No Influence
47410406,No Influence
47410407,No Influence
47410409,No Influence
47410410,No Influence
47410412,No Influence
47410414,No Influence
47410442,No Influence
47410444,No Influence
47410459,No Influence
47410470_1,No Influence
47410470_2,No Influence
47410477,No Influence
47410487,No Influence
47410489,No Influence
47410512,No Influence
47410519,No Influence
47410B11,No Influence
47410B13,No Influence
47410B14,No Influence
47410B15,No Influence
47410B21_1,Weak Influence
47410P10,Weak Influence
47410P13,No Influence
47411260,No Influence
47411261,No Influence
47411262,No Influence
47411263,No Influence
47411646,No Influence
47411647,No Influence
47411648,No Influence
47413502,No Influence
4741B1_II,No Influence
4741P11_1,No Influence
4741P11_2,No Influence
4741P6S3,No Influence
4741P7S3,No Influence
4741P8S3,No Influence
4741W032,Weak Influence
4741W038_1,No Influence
4741W038_2,No Influence
4741W039_1,No Influence
4741W039_2,Weak Influence
47420001_1,No Influence
47420001_2,No Influence
47420010,No Influence
47420012,No Influence
47420015,No Influence
47420076,No Influence
47420077,No Influence
47420080,No Influence
47420081,No Influence
47420082,No Influence
47420085,No Influence
47420112,No Influence
47420490,No Influence
47420544,No Influence
47420545,No Influence
47420860,No Influence
47420861,No Influence
47421251,No Influence
47421325,No Influence
47421326,No Influence
47421327,No Influence
47421328,No Influence
47421329,No Influence
47421330,No Influence
47421847,No Influence
47421985,No Influence
47422901,No Influence
47426271,No Influence
47426272,No Influence
47426273,No Influence
47426275,No Influence
4742W043,No Influence
47430301_1,No Influence
47430301_2,No Influence
47430401_1,No Influence
47430401_2,No Influence
47430549,No Influence
47430864,No Influence
47430865,No Influence
47430990,No Influence
47430991,No Influence
47431102,No Influence
47431104,No Influence
47431238,No Influence
47431460,No Influence
47431461,No Influence
47431937,No Influence
47433619,No Influence
47433625,No Influence
47440178,No Influence
47440179,No Influence
47440188,No Influence
47440191,No Influence
47440551,No Influence
47440625,No Influence
47440649,No Influence
47441004,No Influence
47441105,No Influence
47441109,No Influence
47441148,No Influence
47443601,No Influence
47450141,No Influence
47450142,No Influence
47450143,No Influence
47450144,No Influence
47450145,No Influence
47450146,No Influence
47450147,No Influence
47450155,No Influence
47450156,No Influence
47450157,No Influence
47450159,No Influence
47450160,No Influence
47450161,No Influence
47450165,No Influence
47450181,No Influence
47450187,No Influence
47450554,No Influence
47450876,No Influence
47450963,No Influence
47451413,No Influence
47451414,No Influence
47451416,No Influence
47451420,No Influence
47451421,No Influence
47451981,No Influence
47454038,No Influence
47454039,No Influence
47454040,No Influence
47454041,No Influence
47456211,No Influence
47456213,No Influence
47460263,No Influence
47460264,No Influence
47460265,No Influence
47460266,No Influence
47460267,No Influence
47460268,No Influence
47460269,No Influence
47460555,No Influence
47460556,No Influence
47460558,No Influence
47461036,No Influence
47461114,No Influence
47461411,No Influence
47461412,No Influence
47461415,No Influence
47461855,No Influence
47461856,No Influence
47464051,No Influence
47464052,No Influence
47464053,No Influence
47470244,No Influence
47470245,No Influence
47470246,No Influence
47470247,No Influence
47470248,No Influence
47470249,No Influence
47470250,No Influence
47470271,No Influence
47470369,No Influence
47470372,No Influence
47470373,No Influence
47470375,No Influence
47470583,No Influence
47470585,No Influence
47470601,No Influence
47470666,No Influence
47471054,No Influence
47471056,No Influence
47471058,No Influence
47471059,No Influence
47474031,No Influence
47476026,Weak Influence
47480586,No Influence
47480587,No Influence
47480623,No Influence
47480633,No Influence
47481057,No Influence
47481243,No Influence
47481369,No Influence
47481370,No Influence
47481371,No Influence
47481375,No Influence
47481555,No Influence
47481696,No Influence
47481860,No Influence
47486059,No Influence
47488088,No Influence
47488089,No Influence
47488090,No Influence
47488091,No Influence
47490381,No Influence
47490383,No Influence
47490591,No Influence
47490593,No Influence
47491159,No Influence
47491931,No Influence
47500595,No Influence
47500596,No Influence
47501653,No Influence
47510387,No Influence
47511000,No Influence
47513503,No Influence
47520001,No Influence
47520319,No Influence
47520320,No Influence
47520321,No Influence
47520322,No Influence
47520415,No Influence
47521060,No Influence
47521381,No Influence
47528106,No Influence
47528107,No Influence
47528108,No Influence
47530316,No Influence
47530317,No Influence
47530318,No Influence
47530999,No Influence
47531507,No Influence
47533076,No Influence
47533077,No Influence
47533078,No Influence
47540735,No Influence
47540736,No Influence
47540738,No Influence
47540739,No Influence
47540740,No Influence
47543025,No Influence
47543026,No Influence
47543059,No Influence
47543087,No Influence
47543088,No Influence
47543093,No Influence
47543287,No Influence
47543288,No Influence
47546001,No Influence
47546002,No Influence
47546003,No Influence
47546004,No Influence
47546005,No Influence
47546006,No Influence
47549202,No Influence
47549261,No Influence
47549262,No Influence
47549263,No Influence
47549266,No Influence
47549267,No Influence
47549269,Weak Influence
47549270,No Influence
47549271,No Influence
47549272,No Influence
47549275,Moderate Influence
47549287,No Influence
47549288,No Influence
47549292,No Influence
47549293,No Influence
47549356,No Influence
47549366,No Influence
47549368,No Influence
47549370,No Influence
47549372,No Influence
47549401,No Influence
47553032,No Influence
47553033,No Influence
47553057,No Influence
47553058,No Influence
47553063,No Influence
47553064,No Influence
47553089,No Influence
47559274,No Influence
47559328,No Influence
47559329,No Influence
47563065,No Influence
47569002,Weak Influence
48342201,No Influence
48350221,No Influence
48350223,No Influence
48350602,No Influence
48352001,No Influence
48352101,Moderate Influence
48360107,Weak Influence
48361301,Weak Influence
48370009,No Influence
48370010,No Influence
48370011,No Influence
48370014,No Influence
48370023,No Influence
48370301,No Influence
48370401,No Influence
48370501,No Influence
48370592,Weak Influence
48372097,No Influence
48377373,Weak Influence
48377392,Strong Influence
48377492,Weak Influence
48379373,No Influence
48379392,Strong Influence
48379492,Weak Influence
48380112,No Influence
48380202,No Influence
48380396,No Influence
48381080,No Influence
48381100,No Influence
48387010,No Influence
48388010,No Influence
48389010,No Influence
48390001,No Influence
48390002,Weak Influence
48390033,No Influence
48390162,No Influence
48390163,No Influence
48390509,No Influence
48390682,No Influence
48390683,No Influence
48391010,No Influence
48391166,No Influence
48391167,Weak Influence
48391168,No Influence
48391169,No Influence
48391170,No Influence
48391171,No Influence
48391942,No Influence
48391946,No Influence
48391947,No Influence
48391948,No Influence
48400002,No Influence
48400002a,No Influence
48400003,No Influence
48400004,No Influence
48400010,No Influence
48400028,No Influence
48400029,No Influence
48400040,No Influence
48400041,No Influence
48400042,No Influence
48400045,No Influence
48400046,Weak Influence
48400048,No Influence
48400049_1,Moderate Influence
48400049_2,Weak Influence
48400069,No Influence
48400620,No Influence
48401885,No Influence
48401973,No Influence
48401982,No Influence
48401983,No Influence
4840B5000,No Influence
48410001_1,No Influence
48410001a,No Influence
48410006,No Influence
48410057,No Influence
48410059,No Influence
48410061,No Influence
48410492,No Influence
48410497,No Influence
48410500,No Influence
48410621,No Influence
48410663,No Influence
48410696,No Influence
48410938,No Influence
48411448,No Influence
48411511,No Influence
48411583,No Influence
48411584,No Influence
48411607,No Influence
4841W042,No Influence
48420001_5,No Influence
48420001_6,No Influence
48420006,No Influence
48420010,No Influence
48420013,No Influence
48420014,No Influence
48420017,No Influence
48420021,No Influence
48420023,No Influence
48420043,No Influence
48420062,No Influence
48420088,No Influence
48420089,No Influence
48420090,No Influence
48420179,No Influence
48420501,No Influence
48420560,No Influence
48421093,No Influence
48421100,No Influence
48421101,No Influence
48421683,No Influence
48421684,No Influence
48421983,No Influence
48422687,No Influence
48426685,No Influence
48430989,No Influence
48431017,No Influence
48431018,No Influence
48431019,No Influence
48431020,No Influence
48431021,No Influence
48431031,No Influence
48431096,No Influence
48431097,No Influence
48431149,No Influence
48431178,No Influence
48431179,No Influence
48431180,No Influence
48431181,No Influence
48431182,No Influence
48431736,No Influence
48431999,No Influence
48433600,No Influence
48440002,No Influence
48440166,No Influence
48440167,No Influence
48440168,No Influence
48440170,No Influence
48440175,No Influence
48440176,No Influence
48440177,No Influence
48440178,No Influence
48440201,No Influence
48440870,No Influence
48440873,No Influence
48440993,No Influence
48441030,No Influence
48441039,No Influence
48441187,No Influence
48441188,No Influence
48441189,No Influence
48441276,No Influence
48441277,No Influence
48441853,No Influence
48450148,No Influence
48450877,No Influence
48450878,No Influence
48450884,No Influence
48450886,No Influence
48451034,No Influence
48451038,No Influence
48451061,No Influence
48451273,No Influence
48451275,No Influence
48454021,No Influence
48454036,Weak Influence
48454037,No Influence
48454042,No Influence
48460001,Weak Influence
48461044,No Influence
48461045,No Influence
48461046,No Influence
48461271,No Influence
48461447,No Influence
48461450,No Influence
48470228,No Influence
48470229,No Influence
48470230,No Influence
48470231,No Influence
48470232,No Influence
48470239,No Influence
48470241,No Influence
48470242,No Influence
48470243,No Influence
48470376,No Influence
48470377,No Influence
48470602,No Influence
48471173,No Influence
48471656,No Influence
48471657,No Influence
48471846,Weak Influence
48471848,No Influence
48473500,No Influence
48474028,No Influence
48476218,No Influence
48476223,No Influence
48476315_1,Weak Influence
48477015_1,No Influence
48480226,Weak Influence
48480252,No Influence
48480378,No Influence
48480902,No Influence
48480903,No Influence
48481211,No Influence
48481248,No Influence
48481979,No Influence
48483517,No Influence
48483527,No Influence
48483614,No Influence
48486046,No Influence
48486050,No Influence
48490904,No Influence
48490930,No Influence
48490933,No Influence
48490934,No Influence
48491135,No Influence
48493497,No Influence
48499002,No Influence
48500428,No Influence
48500429,No Influence
48500430,No Influence
48500431,No Influence
48500433,No Influence
48500434,No Influence
48500905,No Influence
48500906,No Influence
48501177,No Influence
48501250,No Influence
48510001_2,No Influence
48510348,No Influence
48510405,No Influence
48510406,No Influence
48510408,No Influence
48510409,No Influence
48510410,No Influence
48510413,No Influence
48510435,No Influence
48510929,No Influence
48510965,No Influence
48510966,No Influence
48511110,No Influence
48511111,No Influence
48511223,No Influence
48514029,No Influence
48518081,No Influence
48518082,No Influence
48518083,No Influence
48518084,No Influence
48518085,No Influence
48518086,No Influence
48518087,No Influence
48519001,No Influence
48520390,No Influence
48520391,No Influence
48520393,No Influence
48520394,No Influence
48520395,No Influence
48520396,No Influence
48520397,No Influence
48520398,No Influence
48520402,No Influence
48520414,No Influence
48520448,No Influence
48520449,No Influence
48520450,No Influence
48520452,No Influence
48530315,No Influence
48530445,No Influence
48530446,No Influence
48530447,No Influence
48530466,No Influence
48530468,No Influence
48530469,No Influence
48530911,No Influence
48530969,No Influence
48530992,No Influence
48531208,No Influence
48531383,No Influence
48531530,No Influence
48531531,No Influence
48539001,No Influence
48540439,No Influence
48540441,No Influence
48540442,No Influence
48540444,No Influence
48540461,No Influence
48540462,No Influence
48540463,No Influence
48540465,No Influence
48540858,No Influence
48540968,No Influence
48543018,No Influence
48543020,No Influence
48543021,No Influence
48543022,No Influence
48543024,No Influence
48543027,No Influence
48543034,No Influence
48543035,No Influence
48543044,No Influence
48543045,No Influence
48549002,Weak Influence
48553012,No Influence
48553013,No Influence
48553014,No Influence
48553015,No Influence
48553016,No Influence
48553030,No Influence
48553037,No Influence
48553038,No Influence
48553039,No Influence
48553040,No Influence
48553041,No Influence
48553043,No Influence
48553047,No Influence
48553048,No Influence
48555112,No Influence
4855B1253,No Influence
4855B1592,No Influence
4855B1593,No Influence
4855B1630,Moderate Influence
4855B1631,No Influence
4855B1670,Weak Influence
4855B1671,No Influence
4855B2056,No Influence
49361201,No Influence
49370601,No Influence
49370701,No Influence
49370901,No Influence
49371001,No Influence
49371101,No Influence
49377292,Weak Influence
49379292,No Influence
49380801,No Influence
49381010,No Influence
49381020,Weak Influence
49381030,No Influence
49381209,Weak Influence
49390001,No Influence
49390004,No Influence
49390021,No Influence
49390053,No Influence
49390054,No Influence
49390055,No Influence
49390101,No Influence
49390102,No Influence
49390103,No Influence
49390127,No Influence
49391020,No Influence
49391880,No Influence
49397128,No Influence
49397143,No Influence
49397154,No Influence
49397193,No Influence
49397327,No Influence
49398195,No Influence
49399128,No Influence
49399143,No Influence
49399154,No Influence
49399193,No Influence
49399195,No Influence
49399327,No Influence
49400006,No Influence
49400890,No Influence
49410001,No Influence
49410098,No Influence
49410099,No Influence
49410100,No Influence
49410102,No Influence
49410505,No Influence
49410630,No Influence
49410686,No Influence
49410738,No Influence
49410961,No Influence
49411064,No Influence
49411142,No Influence
49411254,No Influence
49411585,No Influence
49411586,No Influence
49411587,No Influence
49411588,Weak Influence
49411589,No Influence
49411591,No Influence
49411592,No Influence
49411601,No Influence
49411655,No Influence
49411883,No Influence
49411930,No Influence
49411995,No Influence
49411998,No Influence
49420064,No Influence
49420065,No Influence
49420103,No Influence
49420684,No Influence
49420761,No Influence
49420840,No Influence
49420841,No Influence
49420959,No Influence
49420960,No Influence
49421144,No Influence
49421456,No Influence
49421457,No Influence
49426601,No Influence
49426602,No Influence
49426603,No Influence
49430001,No Influence
49430639,No Influence
49430939,No Influence
49430964,No Influence
49431095,No Influence
49431174,Weak Influence
49431184,No Influence
49431566,No Influence
49436001,No Influence
49441025,No Influence
49441028,No Influence
49441185,No Influence
49441186,No Influence
49441269,No Influence
49441270,No Influence
49441688,No Influence
49451029,No Influence
49451032,No Influence
49451040,No Influence
49451041,No Influence
49451042,No Influence
49451225,No Influence
49451474,No Influence
49460001,Weak Influence
49460920,No Influence
49461043,No Influence
49461049,No Influence
49461050,No Influence
49470922,No Influence
49471239,No Influence
49471607,No Influence
49473570,No Influence
49473591,No Influence
49474045,No Influence
49475880,No Influence
49475881,No Influence
49475899,No Influence
49476015,No Influence
49476127,No Influence
49480220,No Influence
49480221,No Influence
49480222,Weak Influence
49480224,No Influence
49480420,No Influence
49480421,No Influence
49480644,No Influence
49481604,No Influence
49483516,No Influence
49483519,No Influence
49483523,No Influence
49483524,No Influence
49483538,No Influence
49483571,No Influence
49483582,No Influence
49483583,No Influence
49483594,No Influence
49483595,No Influence
49483596,No Influence
49483598,No Influence
49483613,No Influence
49483647,No Influence
49484004,No Influence
49484005,No Influence
49484006,No Influence
49484007,No Influence
49484008,No Influence
49484012,No Influence
49484014,No Influence
49484032,No Influence
49484044,No Influence
49484049,No Influence
49484215,No Influence
49484357,No Influence
49484850,Weak Influence
49485475_3,No Influence
49485843,No Influence
49485878,No Influence
49485883,No Influence
49485884,No Influence
49485885,No Influence
49485887,No Influence
49485888,No Influence
49486001,No Influence
49486080,No Influence
49486081,No Influence
49486089,No Influence
49486336,No Influence
49486465,No Influence
49486523,No Influence
49486524,No Influence
49486563,No Influence
49486564,No Influence
49486565,No Influence
49486591,No Influence
49486595,No Influence
49486604,No Influence
49486609_1,No Influence
49486616_1,No Influence
494868771,No Influence
49486888,No Influence
49487007_3,No Influence
49487021,No Influence
49487025_1,No Influence
49487034_3,No Influence
49487038_2,No Influence
49487042_1,No Influence
49487741_2,No Influence
4948E3538,No Influence
49490001_1,No Influence
49490422,No Influence
49490950,No Influence
49490997,No Influence
49491280,No Influence
49491433,No Influence
49491435,No Influence
49491437,No Influence
49491854,No Influence
49491963,No Influence
49491964,No Influence
49491965,No Influence
49491967,No Influence
49493520,No Influence
49493584,No Influence
49493585,No Influence
49493586,No Influence
49493587,No Influence
49494043,No Influence
49494048,No Influence
49495893,No Influence
49496023,No Influence
49496025,No Influence
49496063,No Influence
49496275,No Influence
49496283,No Influence
49496703_3,No Influence
49496704_3,No Influence
49500001,No Influence
49500423,No Influence
49500424,No Influence
49500425,No Influence
49500426,No Influence
49500427,No Influence
49500946,No Influence
49503436,No Influence
49503512,No Influence
49503611,No Influence
49510346,No Influence
49510347,No Influence
49510947,No Influence
49511131,No Influence
49511197,No Influence
49511387,No Influence
49520001,Weak Influence
49520341,No Influence
49520342,No Influence
49520343,No Influence
49520351,No Influence
49520352,No Influence
49520931,No Influence
49530276,No Influence
49530277,No Influence
49530278,No Influence
49530333,No Influence
49530335,No Influence
49530336,No Influence
49530337,No Influence
49530339,No Influence
49530340,No Influence
49530932,No Influence
49530973,No Influence
49530976,No Influence
49530977,No Influence
49530978,No Influence
49530979,No Influence
49531740,No Influence
49540280,No Influence
49540282,No Influence
49540285,No Influence
49540286,No Influence
49540967,No Influence
49541075,No Influence
49541224,No Influence
49541451,No Influence
49541452,No Influence
49550022,No Influence
49550648,No Influence
49550711,No Influence
49550794,No Influence
49551081,No Influence
49551384,No Influence
49553046,No Influence
49553286,No Influence
49553287,No Influence
4955B1600,Weak Influence
4955B1601,No Influence
4955B1640,Moderate Influence
4955B1641,No Influence
4955B1865,No Influence
4955B1891,Weak Influence
50411143,No Influence
50416002,Weak Influence
504200000001,No Influence
50420511,No Influence
50420635,No Influence
50420821,No Influence
50420824,No Influence
50420842,No Influence
50420843,No Influence
50420844,No Influence
50421076,No Influence
50421458,No Influence
50421564,No Influence
50430022,No Influence
50430645,No Influence
50431936,No Influence
50431950,No Influence
50440646,No Influence
50440915,No Influence
50441209,No Influence
50441240,No Influence
50441689,No Influence
50446001,No Influence
50450005,No Influence
50450006,No Influence
50450945,No Influence
50451685,No Influence
50453282,No Influence
50453283,No Influence
50453284,No Influence
50463280,No Influence
50466002,No Influence
50466601,No Influence
50470001,No Influence
50474010,No Influence
50476013,No Influence
50480002,Weak Influence
50481214,No Influence
50484046,No Influence
50486201_1,No Influence
50490001,No Influence
50490002,No Influence
50491423,No Influence
50491428,No Influence
50491439,No Influence
50491440,No Influence
50491443,No Influence
50491444,No Influence
50491445,No Influence
50491446,No Influence
50491952,No Influence
50491961,No Influence
50491962,No Influence
50491966,No Influence
50494033,No Influence
50495894,No Influence
50496064,No Influence
50496157_2,No Influence
50496159_2,No Influence
50496161,No Influence
50496165,No Influence
50496166,Weak Influence
50496167,No Influence
50496180,No Influence
50506014,No Influence
50513360,No Influence
50513361,No Influence
50513362,No Influence
50513363,No Influence
50513364,No Influence
50516001,No Influence
50516002,No Influence
50516003,No Influence
50516004,No Influence
50516009,No Influence
50516010,No Influence
50516024,No Influence
50516025,No Influence
50516026,No Influence
50530326,No Influence
50530328,No Influence
50530329,No Influence
50536001,No Influence
50540287,No Influence
50540288,No Influence
50540290,No Influence
50540291,No Influence
50540292,No Influence
50540294,No Influence
50540295,No Influence
50540296,No Influence
50540297,No Influence
50540323,No Influence
50540980,No Influence
50541200,No Influence
50546001,No Influence
50547145,No Influence
50547146,No Influence
50547176,No Influence
50547249,No Influence
50547470,No Influence
50547472,No Influence
50547473,Moderate Influence
50547479,No Influence
50547550,No Influence
50547551,No Influence
50547555,Strong Influence
50547558,No Influence
50547560,No Influence
50547573,Weak Influence
50547579,Strong Influence
50547580,Moderate Influence
50547581,Strong Influence
50547586,Weak Influence
50547596,Weak Influence
50547705,Moderate Influence
50547706,No Influence
50547707,Weak Influence
50547709,Weak Influence
50547710,Weak Influence
50547716,Strong Influence
50550200,No Influence
50550642,No Influence
50550708,No Influence
50550710,No Influence
50557158,No Influence
50557161,No Influence
50557237,No Influence
50557242,No Influence
50557244,No Influence
50557246,No Influence
50557252,No Influence
50557253,No Influence
50557258,No Influence
50557260,No Influence
50557263,No Influence
50557264,No Influence
50557265,Moderate Influence
50557277,No Influence
50557286,No Influence
50557597,No Influence
50557600,No Influence
50557602,No Influence
50557687,No Influence
50557688,No Influence
50557689,Weak Influence
50557690,No Influence
50557691,No Influence
50557692,No Influence
50557693,No Influence
50557694,No Influence
50557695,Moderate Influence
50557696,Weak Influence
50557697,Moderate Influence
50557698,No Influence
50557699,Weak Influence
50557700,No Influence
50557701,Moderate Influence
50557702,Moderate Influence
50557703,Strong Influence
5055P00001_1,No Influence
5055P00001_2,Moderate Influence
5055P00003_1,No Influence
5055P00003_2,Moderate Influence
5055P00005_1,No Influence
5055P00005_2,Weak Influence
5055P00005_3,Moderate Influence
5055P00006_1,No Influence
5055P00006_2,No Influence
5055P00006_3,No Influence
5055P00007_1,No Influence
5055P00007_2,No Influence
5055P00007_3,Weak Influence
5055P00007_4,Weak Influence
5055P00008_1,No Influence
5055P00008_2,Weak Influence
5055P00008_3,Moderate Influence
5055P00009_1,Weak Influence
5055P00009_2,Moderate Influence
5055P00010_1,No Influence
5055P00010_2,Weak Influence
5055P00011_1,Strong Influence
5055P00011_2,Weak Influence
5055P00012,No Influence
5055P00016_1,No Influence
5055P00016_2,Weak Influence
5055P00016_3,Weak Influence
5055P00018_1,Weak Influence
5055P00018_2,No Influence
5055P00020,Strong Influence
5055P00021,Weak Influence
5055P00022,Moderate Influence
5055P00023,Moderate Influence
51391127,No Influence
51400744,No Influence
51400746,Weak Influence
51403646,No Influence
51403647,No Influence
51403648,No Influence
51403649,No Influence
51410022,No Influence
51410769,No Influence
51410817,No Influence
51410818,No Influence
51410820,No Influence
51410936,No Influence
51411194,No Influence
51416001,No Influence
51416002,No Influence
51416003,No Influence
51420812,No Influence
51420814,No Influence
51421070,No Influence
51421087,No Influence
51426001,No Influence
5142UEW1,Weak Influence
51431459,No Influence
51431694,No Influence
51433270,No Influence
51433274,No Influence
51433275,No Influence
51433276,No Influence
51433277,No Influence
51433279,No Influence
51436001,No Influence
51436002,No Influence
51436005,No Influence
51436006,No Influence
5143S0001,No Influence
5143S0002,No Influence
5143S0003,No Influence
5143S0005,No Influence
5143S0006,No Influence
5143S0007,No Influence
5143S0008,No Influence
5143S0010,No Influence
5143S0012,No Influence
5143S0017,No Influence
5143S0018,No Influence
5143S0020,No Influence
5143S0021,No Influence
5143S0023,No Influence
5143S0024,No Influence
5143S0025,No Influence
5143S0026,Weak Influence
5143S0027,No Influence
51440042,No Influence
51441154,No Influence
51441155,No Influence
51441156,No Influence
51441682,No Influence
51446001,No Influence
51446002,No Influence
51456003,No Influence
51460003,No Influence
51471218,No Influence
51480001,No Influence
51481216,No Influence
51481217,No Influence
51481385,No Influence
51481565,No Influence
51491207,No Influence
51516002,No Influence
51516006_1,No Influence
51516006_2,No Influence
51516006_3,No Influence
51540600,No Influence
51540634,No Influence
51540702,No Influence
51546006,No Influence
51546007,Weak Influence
51546014,No Influence
51546016,No Influence
51547131,No Influence
51547132,No Influence
51547135,Weak Influence
51547136,No Influence
51547141,No Influence
51547142,Weak Influence
51547144,No Influence
51547167,No Influence
51547168,No Influence
51547172,No Influence
51547173,Moderate Influence
51547175,No Influence
51547372,Weak Influence
51547385,No Influence
51547388,Weak Influence
51547389,No Influence
51547390,Moderate Influence
51547395,No Influence
51547403,Weak Influence
51547417,No Influence
51547418,Weak Influence
51547423,No Influence
51547426,No Influence
51547427,No Influence
51547428,No Influence
51547430,No Influence
51547438,No Influence
51547440,No Influence
51547442,No Influence
51547446,No Influence
51547448,Weak Influence
51547449,No Influence
51547450,No Influence
51547451,No Influence
51547452,No Influence
51547453,No Influence
51547454,No Influence
51547455,No Influence
51547456,Weak Influence
51547458,No Influence
51547461,No Influence
51547463,No Influence
51547465,No Influence
51547466,Weak Influence
51547468,No Influence
51547476,No Influence
51547477,No Influence
51547478,Strong Influence
51547592,Moderate Influence
51547593,Moderate Influence
51547594,Moderate Influence
51547708,Moderate Influence
51547711,Strong Influence
51547712,Moderate Influence
51547713,Moderate Influence
51557289,Weak Influence
51557704,Moderate Influence
5155P00017_1,No Influence
5155P00017_2,Weak Influence
5155P00017_3,Strong Influence
5155P00020_1,No Influence
5155P00020_2,No Influence
5155P00020_3,Weak Influence
5155P00020_4,Weak Influence
5155P00021_1,No Influence
5155P00021_2,No Influence
52393650,No Influence
52393651,No Influence
52393652,No Influence
52393653,No Influence
52393655,No Influence
52393656,No Influence
52400749,No Influence
52400750,No Influence
52400751,No Influence
52400752,No Influence
52400762,No Influence
52400764,No Influence
52400765,No Influence
52403657,Weak Influence
52403658,No Influence
52403659,No Influence
52403660,No Influence
52403661,No Influence
52403662,No Influence
52403663,No Influence
52403664,No Influence
52403665,No Influence
52403666,No Influence
52403667,No Influence
52410759,No Influence
52410760,No Influence
52410776,No Influence
52410799,No Influence
52410805,No Influence
52410935,No Influence
52411193,No Influence
52411234,No Influence
52411518,Weak Influence
52411556,No Influence
52416007,Weak Influence
52416011,No Influence
52416013,No Influence
52416014,No Influence
52416029,No Influence
52420801,No Influence
52420802,No Influence
52420804,No Influence
52420809,No Influence
52420816,No Influence
52420829,No Influence
52430018,No Influence
52431108,No Influence
52431157,No Influence
52433268,No Influence
52433273,No Influence
52436001,No Influence
52436002,No Influence
5243S0002,No Influence
5243S0003,No Influence
52450001,No Influence
52456001,No Influence
52456002,No Influence
52460001,No Influence
52496001,No Influence
53370160,No Influence
53393668,No Influence
53393669,No Influence
53393670,No Influence
53393671,No Influence
53400001,No Influence
53400002,No Influence
53401126,No Influence
53401235,No Influence
53403672,No Influence
53403673,No Influence
53403674,No Influence
53403675,No Influence
53403676,No Influence
53403677,No Influence
53403678,No Influence
53410001,No Influence
53410002,No Influence
53411065,No Influence
53411067,No Influence
53416000,No Influence
53416004,No Influence
53416011,Strong Influence
53420826,No Influence
53420827,No Influence
5342UEW3,No Influence
53456001,No Influence
53456002,No Influence
53460003_1,No Influence
53466001,No Influence
53466002,No Influence
53466003,No Influence
53466004,No Influence
54370001,No Influence
54370002,No Influence
54370111,No Influence
54383680,No Influence
54383682,No Influence
54393683,No Influence
54393684,No Influence
54393685,No Influence
54393686,No Influence
54393687,No Influence
54393688,No Influence
54396001,No Influence
54396002,Weak Influence
54396003,No Influence
54396004,No Influence
54396005,No Influence
54396006,No Influence
54396007,No Influence
54396008,No Influence
54396009,No Influence
54396010,No Influence
54396011,No Influence
54396012,No Influence
54396013,No Influence
54396014,No Influence
54396015,No Influence
54396016,No Influence
54403689,No Influence
54403690,No Influence
54403693,No Influence
54403694,No Influence
54413645,No Influence
54420001,No Influence
55380001_1,Weak Influence
55383697,No Influence
55383698,No Influence
55390001,Weak Influence
55393699,No Influence
55393701,No Influence
55393702,No Influence
55403703,No Influence
56383704,No Influence
56393708,No Influence
56393711,No Influence
56393712,No Influence
56401226,No Influence
52426003,Strong Influence
