V1,mkz,rmse,loc
0,42419069,0.289,Sachsen-Anhalt
1,42411697,0.31,Sachsen-Anhalt
2,42403197,0.624,Sachsen-Anhalt
3,42402997,0.835,Sachsen-Anhalt
4,43402497,0.187,Sachsen-Anhalt
5,43407272,0.174,Sachsen-Anhalt
6,43409272,0.156,Sachsen-Anhalt
7,43400210,0.244,Sachsen-Anhalt
8,43407771,1.66,Sachsen-Anhalt
9,43409771,0.753,Sachsen-Anhalt
10,43407871,2.484,Sachsen-Anhalt
11,43401897,0.431,Sachsen-Anhalt
12,43401071,0.247,Sachsen-Anhalt
13,43414771,2.308,Sachsen-Anhalt
14,43414871,0.571,Sachsen-Anhalt
15,43414971,0.552,Sachsen-Anhalt
16,42403297,0.289,Sachsen-Anhalt
17,41413497,0.149,Sachsen-Anhalt
18,41400587,0.11,Sachsen-Anhalt
19,41400887,0.116,Sachsen-Anhalt
20,41400387,0.091,Sachsen-Anhalt
21,41401887,0.092,Sachsen-Anhalt
22,41401787,0.093,Sachsen-Anhalt
23,41406914,0.148,Sachsen-Anhalt
24,42401108,0.131,Sachsen-Anhalt
25,41406900,0.161,Sachsen-Anhalt
26,41401208,0.2,Sachsen-Anhalt
27,41405347,0.214,Sachsen-Anhalt
28,41405344,0.279,Sachsen-Anhalt
29,41405341,0.677,Sachsen-Anhalt
30,41400297,0.57,Sachsen-Anhalt
31,41400142,0.525,Sachsen-Anhalt
32,41400126,0.267,Sachsen-Anhalt
33,41391216,0.195,Sachsen-Anhalt
34,41391316,0.239,Sachsen-Anhalt
35,41390197,0.298,Sachsen-Anhalt
36,41391116,0.169,Sachsen-Anhalt
37,41390716,0.232,Sachsen-Anhalt
38,42392897,0.191,Sachsen-Anhalt
39,41391016,0.3,Sachsen-Anhalt
40,41395399,0.211,Sachsen-Anhalt
41,41390916,0.242,Sachsen-Anhalt
42,41391809,0.165,Sachsen-Anhalt
43,41390816,0.189,Sachsen-Anhalt
44,41390393,0.217,Sachsen-Anhalt
45,41388103,0.225,Sachsen-Anhalt
46,41390298,0.189,Sachsen-Anhalt
47,41390794,0.124,Sachsen-Anhalt
48,41390194,0.091,Sachsen-Anhalt
49,41392894,0.059,Sachsen-Anhalt
50,41391410,0.135,Sachsen-Anhalt
51,42390616,0.198,Sachsen-Anhalt
52,42391079,0.287,Sachsen-Anhalt
53,42390179,0.292,Sachsen-Anhalt
54,42391672,0.099,Sachsen-Anhalt
55,42390279,0.307,Sachsen-Anhalt
56,42390879,0.329,Sachsen-Anhalt
57,42391610,0.342,Sachsen-Anhalt
58,42390578,0.171,Sachsen-Anhalt
59,42390679,0.25,Sachsen-Anhalt
60,42391472,0.23,Sachsen-Anhalt
61,42391179,0.209,Sachsen-Anhalt
62,43392297,0.081,Sachsen-Anhalt
63,43390309,0.169,Sachsen-Anhalt
64,43392397,0.298,Sachsen-Anhalt
65,43390344,0.259,Sachsen-Anhalt
66,43390345,0.158,Sachsen-Anhalt
67,43392097,0.501,Sachsen-Anhalt
68,40300027,2.315,Sachsen-Anhalt
69,40290012,1.068,Sachsen-Anhalt
70,40300010,0.071,Sachsen-Anhalt
71,40300030,0.274,Sachsen-Anhalt
72,40300029,0.729,Sachsen-Anhalt
73,40300026,0.328,Sachsen-Anhalt
74,40300018,0.341,Sachsen-Anhalt
75,41301514,0.597,Sachsen-Anhalt
76,41300022,1.056,Sachsen-Anhalt
77,41300024,0.256,Sachsen-Anhalt
78,41300010,0.083,Sachsen-Anhalt
79,41310028,0.117,Sachsen-Anhalt
80,41310004,0.183,Sachsen-Anhalt
81,41310031,0.751,Sachsen-Anhalt
82,41310030,0.087,Sachsen-Anhalt
83,41310029,0.072,Sachsen-Anhalt
84,42310001,0.331,Sachsen-Anhalt
85,42320044,0.292,Sachsen-Anhalt
86,42310002,0.888,Sachsen-Anhalt
87,40310012,0.274,Sachsen-Anhalt
88,40320035,0.069,Sachsen-Anhalt
89,40320036,1.077,Sachsen-Anhalt
90,40320021,0.366,Sachsen-Anhalt
91,40320025,0.124,Sachsen-Anhalt
92,41320002,0.364,Sachsen-Anhalt
93,40330033,0.128,Sachsen-Anhalt
94,40330014,0.248,Sachsen-Anhalt
95,40330034,,Sachsen-Anhalt
96,41330011,0.384,Sachsen-Anhalt
97,41330036,0.187,Sachsen-Anhalt
98,41330031,0.169,Sachsen-Anhalt
99,41330038,0.288,Sachsen-Anhalt
100,42340003,0.145,Sachsen-Anhalt
101,42320019,0.274,Sachsen-Anhalt
102,42320049,0.124,Sachsen-Anhalt
103,43329001,0.284,Sachsen-Anhalt
104,44310302,0.249,Sachsen-Anhalt
105,44320001,0.094,Sachsen-Anhalt
106,44320102,0.284,Sachsen-Anhalt
107,44330502,0.485,Sachsen-Anhalt
108,42320029,0.13,Sachsen-Anhalt
109,41310018,0.378,Sachsen-Anhalt
110,30350016,0.461,Sachsen-Anhalt
111,30350018,0.133,Sachsen-Anhalt
112,30350017,0.145,Sachsen-Anhalt
113,30360055,0.559,Sachsen-Anhalt
114,30360050,0.427,Sachsen-Anhalt
115,30360056,0.414,Sachsen-Anhalt
116,30360051,0.125,Sachsen-Anhalt
117,31360025,0.112,Sachsen-Anhalt
118,31360108,0.195,Sachsen-Anhalt
119,31360088,0.244,Sachsen-Anhalt
120,31360019,0.2,Sachsen-Anhalt
121,31370001,0.213,Sachsen-Anhalt
122,30340002,0.123,Sachsen-Anhalt
123,31350016,0.142,Sachsen-Anhalt
124,31341011,0.177,Sachsen-Anhalt
125,31340028,0.145,Sachsen-Anhalt
126,31342816,0.245,Sachsen-Anhalt
127,31341616,0.169,Sachsen-Anhalt
128,31340031,0.197,Sachsen-Anhalt
129,31340030,0.254,Sachsen-Anhalt
130,31350005,0.285,Sachsen-Anhalt
131,31350030,0.175,Sachsen-Anhalt
132,31350001,0.27,Sachsen-Anhalt
133,31360111,0.163,Sachsen-Anhalt
134,31360055,0.155,Sachsen-Anhalt
135,31350004,0.254,Sachsen-Anhalt
136,31360121,,Sachsen-Anhalt
137,31360119,0.251,Sachsen-Anhalt
138,31360120,0.255,Sachsen-Anhalt
139,32360103,0.223,Sachsen-Anhalt
140,31360011,0.211,Sachsen-Anhalt
141,31370031,0.161,Sachsen-Anhalt
142,31370019,0.184,Sachsen-Anhalt
143,31370022,0.158,Sachsen-Anhalt
144,31380005,0.451,Sachsen-Anhalt
145,31380012,0.268,Sachsen-Anhalt
146,31391526,0.208,Sachsen-Anhalt
147,31330072,0.128,Sachsen-Anhalt
148,31320062,0.168,Sachsen-Anhalt
149,31320063,0.085,Sachsen-Anhalt
150,31330017,0.13,Sachsen-Anhalt
151,31320049,0.117,Sachsen-Anhalt
152,31320054,0.238,Sachsen-Anhalt
153,31320045,0.165,Sachsen-Anhalt
154,31320033,0.133,Sachsen-Anhalt
155,31320017,0.155,Sachsen-Anhalt
156,31320038,0.116,Sachsen-Anhalt
157,32330026,0.315,Sachsen-Anhalt
158,32330012,0.095,Sachsen-Anhalt
159,32320060,0.094,Sachsen-Anhalt
160,32310007,0.065,Sachsen-Anhalt
161,32310008,0.184,Sachsen-Anhalt
162,31310003,0.166,Sachsen-Anhalt
163,31300003,0.189,Sachsen-Anhalt
164,32300003,0.194,Sachsen-Anhalt
165,32310009,0.122,Sachsen-Anhalt
166,32310010,0.1,Sachsen-Anhalt
167,33320004,0.08,Sachsen-Anhalt
168,33320017,0.169,Sachsen-Anhalt
169,32320061,0.17,Sachsen-Anhalt
170,32330015,0.109,Sachsen-Anhalt
171,32330016,0.103,Sachsen-Anhalt
172,32330017,0.089,Sachsen-Anhalt
173,32330018,0.094,Sachsen-Anhalt
174,33330001,0.173,Sachsen-Anhalt
175,33330002,0.377,Sachsen-Anhalt
176,33310006,0.22,Sachsen-Anhalt
177,33310008,0.103,Sachsen-Anhalt
178,33310007,0.231,Sachsen-Anhalt
179,33310009,0.23,Sachsen-Anhalt
180,33310005,0.149,Sachsen-Anhalt
181,34320014,0.141,Sachsen-Anhalt
182,34320018,0.221,Sachsen-Anhalt
183,34320004,0.143,Sachsen-Anhalt
184,34330012,0.175,Sachsen-Anhalt
185,32340024,0.087,Sachsen-Anhalt
186,32340003,0.206,Sachsen-Anhalt
187,32340025,0.253,Sachsen-Anhalt
188,32340005,0.145,Sachsen-Anhalt
189,32340006,0.146,Sachsen-Anhalt
190,32350002,0.479,Sachsen-Anhalt
191,33340002,0.181,Sachsen-Anhalt
192,33350015,0.338,Sachsen-Anhalt
193,33350017,0.151,Sachsen-Anhalt
194,32360020,0.221,Sachsen-Anhalt
195,32360091,0.301,Sachsen-Anhalt
196,32360028,0.182,Sachsen-Anhalt
197,32360043,0.229,Sachsen-Anhalt
198,32360044,0.176,Sachsen-Anhalt
199,32360118,0.31,Sachsen-Anhalt
200,32360063,0.291,Sachsen-Anhalt
201,32360068,0.272,Sachsen-Anhalt
202,32360084,0.333,Sachsen-Anhalt
203,32370037,0.467,Sachsen-Anhalt
204,32370030,0.248,Sachsen-Anhalt
205,32370010,0.277,Sachsen-Anhalt
206,32370006,0.168,Sachsen-Anhalt
207,32370068,0.144,Sachsen-Anhalt
208,32370064,0.19,Sachsen-Anhalt
209,31380006,0.365,Sachsen-Anhalt
210,32382906,0.455,Sachsen-Anhalt
211,32382908,0.209,Sachsen-Anhalt
212,31382921,0.218,Sachsen-Anhalt
213,31382912,0.258,Sachsen-Anhalt
214,32382845,0.177,Sachsen-Anhalt
215,32392410,0.348,Sachsen-Anhalt
216,32382852,0.133,Sachsen-Anhalt
217,32382851,0.181,Sachsen-Anhalt
218,32382812,0.39,Sachsen-Anhalt
219,32382390,0.157,Sachsen-Anhalt
220,32382943,0.239,Sachsen-Anhalt
221,32370069,,Sachsen-Anhalt
222,32382922,0.09,Sachsen-Anhalt
223,32392380,0.112,Sachsen-Anhalt
224,33392340,0.101,Sachsen-Anhalt
225,33382352,0.186,Sachsen-Anhalt
226,33382353,0.186,Sachsen-Anhalt
227,33390001,0.18,Sachsen-Anhalt
228,33392245,0.172,Sachsen-Anhalt
229,33382711,0.124,Sachsen-Anhalt
230,33382780,0.222,Sachsen-Anhalt
231,33370011,0.23,Sachsen-Anhalt
232,33370003,0.144,Sachsen-Anhalt
233,33360039,0.366,Sachsen-Anhalt
234,33360040,0.43,Sachsen-Anhalt
235,33370004,0.11,Sachsen-Anhalt
236,33370014,0.323,Sachsen-Anhalt
237,33370006,0.179,Sachsen-Anhalt
238,33370015,0.109,Sachsen-Anhalt
239,33382583,0.362,Sachsen-Anhalt
240,33382566,0.112,Sachsen-Anhalt
241,34382562,0.159,Sachsen-Anhalt
242,34382564,0.21,Sachsen-Anhalt
243,34380021,0.109,Sachsen-Anhalt
244,34382625,0.146,Sachsen-Anhalt
245,34380020,0.248,Sachsen-Anhalt
246,34380018,0.19,Sachsen-Anhalt
247,34370062,0.338,Sachsen-Anhalt
248,34376608,0.141,Sachsen-Anhalt
249,34370053,0.225,Sachsen-Anhalt
250,34370005,0.232,Sachsen-Anhalt
251,34370046,0.984,Sachsen-Anhalt
252,34382660,0.224,Sachsen-Anhalt
253,34370063,0.219,Sachsen-Anhalt
254,34360055,,Sachsen-Anhalt
255,34360043,0.149,Sachsen-Anhalt
256,34370055,0.213,Sachsen-Anhalt
257,34370056,0.234,Sachsen-Anhalt
258,34362608,0.484,Sachsen-Anhalt
259,33360025,0.206,Sachsen-Anhalt
260,33360026,0.334,Sachsen-Anhalt
261,34350047,0.289,Sachsen-Anhalt
262,34350021,0.206,Sachsen-Anhalt
263,34350022,0.159,Sachsen-Anhalt
264,34350029,0.213,Sachsen-Anhalt
265,34350030,0.22,Sachsen-Anhalt
266,34350031,0.356,Sachsen-Anhalt
267,34363308,0.105,Sachsen-Anhalt
268,34360039,0.238,Sachsen-Anhalt
269,34370013,0.152,Sachsen-Anhalt
270,34370031,0.22,Sachsen-Anhalt
271,34370028,0.231,Sachsen-Anhalt
272,34370025,0.387,Sachsen-Anhalt
273,34372516,0.12,Sachsen-Anhalt
274,34370068,0.162,Sachsen-Anhalt
275,35370082,0.136,Sachsen-Anhalt
276,34354016,0.066,Sachsen-Anhalt
277,34340010,0.169,Sachsen-Anhalt
278,34340011,0.106,Sachsen-Anhalt
279,35340034,0.246,Sachsen-Anhalt
280,34340026,0.164,Sachsen-Anhalt
281,34340027,0.35,Sachsen-Anhalt
282,34340003,0.061,Sachsen-Anhalt
283,34340004,0.068,Sachsen-Anhalt
284,34340005,0.083,Sachsen-Anhalt
285,34340006,0.118,Sachsen-Anhalt
286,35330007,0.15,Sachsen-Anhalt
287,34330014,0.121,Sachsen-Anhalt
288,34330013,0.161,Sachsen-Anhalt
289,34320009,0.196,Sachsen-Anhalt
290,34320005,0.134,Sachsen-Anhalt
291,35310001,0.175,Sachsen-Anhalt
292,35320031,0.105,Sachsen-Anhalt
293,35320005,0.214,Sachsen-Anhalt
294,35320032,0.266,Sachsen-Anhalt
295,35320029,0.14,Sachsen-Anhalt
296,35330009,0.127,Sachsen-Anhalt
297,35330001,0.371,Sachsen-Anhalt
298,35320028,0.116,Sachsen-Anhalt
299,35320009,0.191,Sachsen-Anhalt
300,36330033,,Sachsen-Anhalt
301,36320001,0.281,Sachsen-Anhalt
302,37320007,1.178,Sachsen-Anhalt
303,35340030,0.173,Sachsen-Anhalt
304,35340013,0.249,Sachsen-Anhalt
305,35340021,0.224,Sachsen-Anhalt
306,35340024,0.119,Sachsen-Anhalt
307,35340023,0.126,Sachsen-Anhalt
308,35340037,,Sachsen-Anhalt
309,35340018,0.171,Sachsen-Anhalt
310,35340035,0.205,Sachsen-Anhalt
311,35360005,0.125,Sachsen-Anhalt
312,35360006,0.163,Sachsen-Anhalt
313,35370071,0.512,Sachsen-Anhalt
314,35376408,0.383,Sachsen-Anhalt
315,35370058,0.21,Sachsen-Anhalt
316,35386746,0.725,Sachsen-Anhalt
317,35380216,0.082,Sachsen-Anhalt
318,35386760,0.117,Sachsen-Anhalt
319,35396708,0.098,Sachsen-Anhalt
320,35396706,0.137,Sachsen-Anhalt
321,35396735,0.139,Sachsen-Anhalt
322,35390109,0.118,Sachsen-Anhalt
323,35390209,0.147,Sachsen-Anhalt
324,35386745,0.135,Sachsen-Anhalt
325,35380116,0.083,Sachsen-Anhalt
326,35386612,0.175,Sachsen-Anhalt
327,35386838,0.104,Sachsen-Anhalt
328,35386836,0.046,Sachsen-Anhalt
329,35386837,0.059,Sachsen-Anhalt
330,35386839,0.1,Sachsen-Anhalt
331,35396840,0.242,Sachsen-Anhalt
332,36395982,0.086,Sachsen-Anhalt
333,36395916,0.215,Sachsen-Anhalt
334,36395810,0.167,Sachsen-Anhalt
335,36395811,0.17,Sachsen-Anhalt
336,36395880,0.128,Sachsen-Anhalt
337,36395801,0.149,Sachsen-Anhalt
338,36395802,0.155,Sachsen-Anhalt
339,36385595,0.098,Sachsen-Anhalt
340,36385596,0.1,Sachsen-Anhalt
341,36385911,0.117,Sachsen-Anhalt
342,36385925,0.113,Sachsen-Anhalt
343,36385926,0.209,Sachsen-Anhalt
344,36385923,0.149,Sachsen-Anhalt
345,36385555,0.112,Sachsen-Anhalt
346,36385916,0.035,Sachsen-Anhalt
347,36375304,0.112,Sachsen-Anhalt
348,36375305,0.181,Sachsen-Anhalt
349,36375306,0.32,Sachsen-Anhalt
350,36375301,0.26,Sachsen-Anhalt
351,36375308,0.109,Sachsen-Anhalt
352,36375309,0.254,Sachsen-Anhalt
353,36360051,,Sachsen-Anhalt
354,36350087,,Sachsen-Anhalt
355,36340101,0.291,Sachsen-Anhalt
356,36340117,0.293,Sachsen-Anhalt
357,36340100,0.303,Sachsen-Anhalt
358,36340121,,Sachsen-Anhalt
359,36340015,0.343,Sachsen-Anhalt
360,36330031,0.118,Sachsen-Anhalt
361,36340006,0.305,Sachsen-Anhalt
362,36340109,0.185,Sachsen-Anhalt
363,36340110,0.189,Sachsen-Anhalt
364,36340122,,Sachsen-Anhalt
365,36340102,0.145,Sachsen-Anhalt
366,36340007,0.16,Sachsen-Anhalt
367,36340047,0.135,Sachsen-Anhalt
368,36330006,0.14,Sachsen-Anhalt
369,36330032,,Sachsen-Anhalt
370,36340119,0.105,Sachsen-Anhalt
371,36340105,0.132,Sachsen-Anhalt
372,36340106,0.158,Sachsen-Anhalt
373,36340120,0.149,Sachsen-Anhalt
374,37340027,0.113,Sachsen-Anhalt
375,36340107,0.28,Sachsen-Anhalt
376,37330002,1.318,Sachsen-Anhalt
377,37330001,0.524,Sachsen-Anhalt
378,37330004,,Sachsen-Anhalt
379,37320011,0.824,Sachsen-Anhalt
380,37320009,0.175,Sachsen-Anhalt
381,37320010,0.345,Sachsen-Anhalt
382,37340030,0.553,Sachsen-Anhalt
383,37350083,0.089,Sachsen-Anhalt
384,37350087,,Sachsen-Anhalt
385,36350085,0.264,Sachsen-Anhalt
386,36351509,0.573,Sachsen-Anhalt
387,36350057,0.319,Sachsen-Anhalt
388,36350084,0.316,Sachsen-Anhalt
389,36360039,0.219,Sachsen-Anhalt
390,36360050,0.161,Sachsen-Anhalt
391,36350066,0.11,Sachsen-Anhalt
392,36350060,0.142,Sachsen-Anhalt
393,37350086,0.25,Sachsen-Anhalt
394,37360043,,Sachsen-Anhalt
395,36360040,0.201,Sachsen-Anhalt
396,36360052,,Sachsen-Anhalt
397,36360032,0.34,Sachsen-Anhalt
398,36360037,0.359,Sachsen-Anhalt
399,36360030,0.173,Sachsen-Anhalt
400,36360035,0.175,Sachsen-Anhalt
401,37360040,0.378,Sachsen-Anhalt
402,37360044,,Sachsen-Anhalt
403,36364808,0.309,Sachsen-Anhalt
404,37370035,0.173,Sachsen-Anhalt
405,37360037,0.25,Sachsen-Anhalt
406,37370037,0.125,Sachsen-Anhalt
407,37370043,0.127,Sachsen-Anhalt
408,37370044,0.576,Sachsen-Anhalt
409,37385450,0.188,Sachsen-Anhalt
410,37385650,0.186,Sachsen-Anhalt
411,37385651,0.191,Sachsen-Anhalt
412,37385672,0.23,Sachsen-Anhalt
413,37395595,0.102,Sachsen-Anhalt
414,37395761,0.15,Sachsen-Anhalt
415,37395766,0.15,Sachsen-Anhalt
416,37395767,0.133,Sachsen-Anhalt
417,37395594,0.106,Sachsen-Anhalt
418,37395585,0.116,Sachsen-Anhalt
419,37395588,0.108,Sachsen-Anhalt
420,37385570,0.098,Sachsen-Anhalt
421,37385610,0.157,Sachsen-Anhalt
422,37385611,0.226,Sachsen-Anhalt
423,37370033,0.139,Sachsen-Anhalt
424,37370034,0.151,Sachsen-Anhalt
425,37381516,0.133,Sachsen-Anhalt
426,37380007,0.077,Sachsen-Anhalt
427,37380008,0.105,Sachsen-Anhalt
428,37380019,0.264,Sachsen-Anhalt
429,38380067,0.146,Sachsen-Anhalt
430,38386116,0.065,Sachsen-Anhalt
431,38385150,0.142,Sachsen-Anhalt
432,38380063,0.098,Sachsen-Anhalt
433,38385180,0.124,Sachsen-Anhalt
434,38385181,0.122,Sachsen-Anhalt
435,37375212,0.166,Sachsen-Anhalt
436,37375225,0.475,Sachsen-Anhalt
437,37375220,0.192,Sachsen-Anhalt
438,37360042,0.121,Sachsen-Anhalt
439,37360041,0.128,Sachsen-Anhalt
440,37360039,0.274,Sachsen-Anhalt
441,37350084,0.195,Sachsen-Anhalt
442,37350001,0.365,Sachsen-Anhalt
443,37350073,0.359,Sachsen-Anhalt
444,37350088,,Sachsen-Anhalt
445,37350085,0.35,Sachsen-Anhalt
446,37340031,,Sachsen-Anhalt
447,37330003,,Sachsen-Anhalt
448,38330012,0.638,Sachsen-Anhalt
449,38320031,0.924,Sachsen-Anhalt
450,38320026,0.959,Sachsen-Anhalt
451,38320032,1.309,Sachsen-Anhalt
452,38320022,0.726,Sachsen-Anhalt
453,39320020,0.606,Sachsen-Anhalt
454,38320033,,Sachsen-Anhalt
455,38330011,0.626,Sachsen-Anhalt
456,38330001,0.234,Sachsen-Anhalt
457,38330010,0.47,Sachsen-Anhalt
458,38330009,0.113,Sachsen-Anhalt
459,39330030,,Sachsen-Anhalt
460,38340003,,Sachsen-Anhalt
461,39350010,0.152,Sachsen-Anhalt
462,38350150,0.477,Sachsen-Anhalt
463,38350168,0.25,Sachsen-Anhalt
464,38360145,0.708,Sachsen-Anhalt
465,38350202,0.341,Sachsen-Anhalt
466,38350174,0.273,Sachsen-Anhalt
467,38350172,0.146,Sachsen-Anhalt
468,38350146,0.145,Sachsen-Anhalt
469,38350178,0.383,Sachsen-Anhalt
470,38350148,0.325,Sachsen-Anhalt
471,38350022,0.25,Sachsen-Anhalt
472,38350024,0.575,Sachsen-Anhalt
473,38360006,0.512,Sachsen-Anhalt
474,38360007,0.554,Sachsen-Anhalt
475,38350141,0.694,Sachsen-Anhalt
476,38350031,0.216,Sachsen-Anhalt
477,38350169,0.175,Sachsen-Anhalt
478,38350101,0.393,Sachsen-Anhalt
479,38350097,0.327,Sachsen-Anhalt
480,38350177,0.657,Sachsen-Anhalt
481,38350175,0.439,Sachsen-Anhalt
482,38350112,0.371,Sachsen-Anhalt
483,38360138,0.269,Sachsen-Anhalt
484,38360149,0.203,Sachsen-Anhalt
485,38360119,0.209,Sachsen-Anhalt
486,38360148,0.228,Sachsen-Anhalt
487,38360146,0.155,Sachsen-Anhalt
488,38360147,0.141,Sachsen-Anhalt
489,38360018,0.244,Sachsen-Anhalt
490,38370019,0.121,Sachsen-Anhalt
491,38360143,0.178,Sachsen-Anhalt
492,39360058,0.237,Sachsen-Anhalt
493,39360057,0.229,Sachsen-Anhalt
494,39366108,0.418,Sachsen-Anhalt
495,39360062,0.5,Sachsen-Anhalt
496,38350072,0.112,Sachsen-Anhalt
497,38350095,0.162,Sachsen-Anhalt
498,38350201,0.209,Sachsen-Anhalt
499,39350039,0.106,Sachsen-Anhalt
500,39350020,0.312,Sachsen-Anhalt
501,39350023,0.125,Sachsen-Anhalt
502,39350025,0.309,Sachsen-Anhalt
503,39350038,0.652,Sachsen-Anhalt
504,39370409,0.324,Sachsen-Anhalt
505,39380052,0.283,Sachsen-Anhalt
506,39380003,0.395,Sachsen-Anhalt
507,38380001,0.236,Sachsen-Anhalt
508,38390021,0.615,Sachsen-Anhalt
509,39391308,0.222,Sachsen-Anhalt
510,39400007,1.724,Sachsen-Anhalt
511,40290011,0.207,Sachsen-Anhalt
512,39300007,0.466,Sachsen-Anhalt
513,39310016,0.22,Sachsen-Anhalt
514,39311416,0.87,Sachsen-Anhalt
515,39320005,0.293,Sachsen-Anhalt
516,39310005,0.403,Sachsen-Anhalt
517,39310015,0.184,Sachsen-Anhalt
518,40320037,0.599,Sachsen-Anhalt
519,39320012,0.286,Sachsen-Anhalt
520,39320024,0.214,Sachsen-Anhalt
521,39322416,0.145,Sachsen-Anhalt
522,39320022,0.182,Sachsen-Anhalt
523,39320023,0.179,Sachsen-Anhalt
524,39320027,,Sachsen-Anhalt
525,39332819,,Sachsen-Anhalt
526,39330010,0.228,Sachsen-Anhalt
527,39330004,0.251,Sachsen-Anhalt
528,39330029,0.15,Sachsen-Anhalt
529,39330022,0.208,Sachsen-Anhalt
530,40331816,0.34,Sachsen-Anhalt
531,39330019,0.231,Sachsen-Anhalt
532,39340005,,Sachsen-Anhalt
533,39350040,,Sachsen-Anhalt
534,40340010,0.197,Sachsen-Anhalt
535,40340007,0.274,Sachsen-Anhalt
536,40340024,0.195,Sachsen-Anhalt
537,40340011,0.229,Sachsen-Anhalt
538,41340007,1.191,Sachsen-Anhalt
539,41342108,1.574,Sachsen-Anhalt
540,41340024,0.304,Sachsen-Anhalt
541,40350079,0.448,Sachsen-Anhalt
542,40350072,0.547,Sachsen-Anhalt
543,40350080,0.145,Sachsen-Anhalt
544,39360070,0.17,Sachsen-Anhalt
545,40360012,0.14,Sachsen-Anhalt
546,39360069,0.149,Sachsen-Anhalt
547,39366814,0.11,Sachsen-Anhalt
548,39360067,0.267,Sachsen-Anhalt
549,39360065,0.352,Sachsen-Anhalt
550,39360066,0.218,Sachsen-Anhalt
551,39360015,0.614,Sachsen-Anhalt
552,39360012,0.749,Sachsen-Anhalt
553,40360014,0.312,Sachsen-Anhalt
554,40370082,0.403,Sachsen-Anhalt
555,40360180,0.432,Sachsen-Anhalt
556,40360019,0.424,Sachsen-Anhalt
557,41360080,0.223,Sachsen-Anhalt
558,41361310,0.155,Sachsen-Anhalt
559,41360005,0.232,Sachsen-Anhalt
560,41360027,0.745,Sachsen-Anhalt
561,41360028,0.388,Sachsen-Anhalt
562,41350067,1.025,Sachsen-Anhalt
563,41350068,0.97,Sachsen-Anhalt
564,40350003,0.621,Sachsen-Anhalt
565,40360013,0.657,Sachsen-Anhalt
566,40360020,0.31,Sachsen-Anhalt
567,40360006,0.396,Sachsen-Anhalt
568,41350271,,Sachsen-Anhalt
569,41350184,0.299,Sachsen-Anhalt
570,41352384,0.259,Sachsen-Anhalt
571,41353184,0.442,Sachsen-Anhalt
572,42352184,0.61,Sachsen-Anhalt
573,42352884,0.438,Sachsen-Anhalt
574,42350105,0.235,Sachsen-Anhalt
575,42350006,0.177,Sachsen-Anhalt
576,42358102,1.519,Sachsen-Anhalt
577,42350007,0.178,Sachsen-Anhalt
578,42340909,0.891,Sachsen-Anhalt
579,42350008,0.234,Sachsen-Anhalt
580,42350010,0.244,Sachsen-Anhalt
581,43350216,0.149,Sachsen-Anhalt
582,43340011,0.186,Sachsen-Anhalt
583,43340010,0.181,Sachsen-Anhalt
584,43350012,0.235,Sachsen-Anhalt
585,42357101,0.865,Sachsen-Anhalt
586,42358101,0.777,Sachsen-Anhalt
587,42359101,0.76,Sachsen-Anhalt
588,42350004,0.335,Sachsen-Anhalt
589,42360308,0.304,Sachsen-Anhalt
590,42360030,0.55,Sachsen-Anhalt
591,42360810,0.365,Sachsen-Anhalt
592,43357288,1.289,Sachsen-Anhalt
593,43352597,6.412,Sachsen-Anhalt
594,43352697,5.838,Sachsen-Anhalt
595,43359888,0.304,Sachsen-Anhalt
596,43350009,0.339,Sachsen-Anhalt
597,43360408,0.234,Sachsen-Anhalt
598,43360106,0.336,Sachsen-Anhalt
599,43360017,0.302,Sachsen-Anhalt
600,40370003,0.533,Sachsen-Anhalt
601,39370004,0.324,Sachsen-Anhalt
602,39380509,0.226,Sachsen-Anhalt
603,39380041,0.12,Sachsen-Anhalt
604,39380043,0.249,Sachsen-Anhalt
605,39390122,0.257,Sachsen-Anhalt
606,39390123,0.281,Sachsen-Anhalt
607,39390015,0.396,Sachsen-Anhalt
608,39393708,0.454,Sachsen-Anhalt
609,39391290,0.234,Sachsen-Anhalt
610,39392290,0.165,Sachsen-Anhalt
611,39380045,0.194,Sachsen-Anhalt
612,39384008,0.124,Sachsen-Anhalt
613,39380051,0.565,Sachsen-Anhalt
614,39380050,0.061,Sachsen-Anhalt
615,39380012,0.139,Sachsen-Anhalt
616,39390124,0.139,Sachsen-Anhalt
617,39400002,0.455,Sachsen-Anhalt
618,39400005,0.396,Sachsen-Anhalt
619,39400004,0.35,Sachsen-Anhalt
620,39400010,0.289,Sachsen-Anhalt
621,39405453,0.24,Sachsen-Anhalt
622,40401005,0.202,Sachsen-Anhalt
623,40400997,0.129,Sachsen-Anhalt
624,40390004,0.2,Sachsen-Anhalt
625,40390005,0.263,Sachsen-Anhalt
626,40390015,0.191,Sachsen-Anhalt
627,40390010,0.106,Sachsen-Anhalt
628,40390013,0.33,Sachsen-Anhalt
629,40392779,0.378,Sachsen-Anhalt
630,40390199,0.15,Sachsen-Anhalt
631,40395449,0.102,Sachsen-Anhalt
632,40390416,0.138,Sachsen-Anhalt
633,40390807,0.28,Sachsen-Anhalt
634,41390109,0.049,Sachsen-Anhalt
635,40390007,0.248,Sachsen-Anhalt
636,40382609,0.125,Sachsen-Anhalt
637,40380094,0.123,Sachsen-Anhalt
638,40380007,0.109,Sachsen-Anhalt
639,40380716,0.162,Sachsen-Anhalt
640,40380010,0.178,Sachsen-Anhalt
641,40370023,0.21,Sachsen-Anhalt
642,40380003,0.29,Sachsen-Anhalt
643,40370809,0.24,Sachsen-Anhalt
644,40370077,0.495,Sachsen-Anhalt
645,40370010,0.703,Sachsen-Anhalt
646,40370021,0.329,Sachsen-Anhalt
647,40380014,0.143,Sachsen-Anhalt
648,40380100,0.316,Sachsen-Anhalt
649,40380004,0.25,Sachsen-Anhalt
650,41390707,0.306,Sachsen-Anhalt
651,41380516,0.277,Sachsen-Anhalt
652,41380018,0.472,Sachsen-Anhalt
653,41380017,0.474,Sachsen-Anhalt
654,41380015,0.649,Sachsen-Anhalt
655,41380016,0.57,Sachsen-Anhalt
656,41370001,0.182,Sachsen-Anhalt
657,41373697,0.195,Sachsen-Anhalt
658,41373597,0.186,Sachsen-Anhalt
659,41370107,0.327,Sachsen-Anhalt
660,42370001,0.165,Sachsen-Anhalt
661,41372109,0.243,Sachsen-Anhalt
662,41380305,0.216,Sachsen-Anhalt
663,41383997,0.192,Sachsen-Anhalt
664,41382309,0.157,Sachsen-Anhalt
665,41381001,0.262,Sachsen-Anhalt
666,41381004,0.29,Sachsen-Anhalt
667,41381005,0.369,Sachsen-Anhalt
668,41381003,0.287,Sachsen-Anhalt
669,41381002,0.31,Sachsen-Anhalt
670,41383897,0.166,Sachsen-Anhalt
671,41383797,0.136,Sachsen-Anhalt
672,42380407,0.292,Sachsen-Anhalt
673,42380110,0.535,Sachsen-Anhalt
674,42382409,0.223,Sachsen-Anhalt
675,42371497,0.337,Sachsen-Anhalt
676,42370194,0.104,Sachsen-Anhalt
677,42382309,0.188,Sachsen-Anhalt
678,42380468,0.301,Sachsen-Anhalt
679,42380006,0.321,Sachsen-Anhalt
680,42381597,0.145,Sachsen-Anhalt
681,42380106,0.313,Sachsen-Anhalt
682,42381509,0.307,Sachsen-Anhalt
683,42370113,0.088,Sachsen-Anhalt
684,42370006,0.324,Sachsen-Anhalt
685,42377002,0.231,Sachsen-Anhalt
686,43371005,0.79,Sachsen-Anhalt
687,43371013,1.134,Sachsen-Anhalt
688,43371004,0.845,Sachsen-Anhalt
689,42370508,0.267,Sachsen-Anhalt
690,43370214,0.29,Sachsen-Anhalt
691,43370106,0.359,Sachsen-Anhalt
692,42381568,0.514,Sachsen-Anhalt
693,42383568,0.477,Sachsen-Anhalt
694,42380065,0.238,Sachsen-Anhalt
695,43380227,0.332,Sachsen-Anhalt
696,43382668,0.384,Sachsen-Anhalt
697,43380212,0.32,Sachsen-Anhalt
698,43380007,0.362,Sachsen-Anhalt
699,43380026,0.224,Sachsen-Anhalt
700,43380003,0.197,Sachsen-Anhalt
701,40400100,0.129,Sachsen-Anhalt
702,40400905,0.283,Sachsen-Anhalt
703,40407671,0.318,Sachsen-Anhalt
704,40401107,0.159,Sachsen-Anhalt
705,41400138,0.38,Sachsen-Anhalt
706,40411207,0.115,Sachsen-Anhalt
707,40410207,0.286,Sachsen-Anhalt
708,41410198,0.106,Sachsen-Anhalt
709,41410509,0.087,Sachsen-Anhalt
710,41412797,0.378,Sachsen-Anhalt
711,40420410,0.151,Sachsen-Anhalt
712,40427066,0.21,Sachsen-Anhalt
713,40428066,0.194,Sachsen-Anhalt
714,40429066,0.152,Sachsen-Anhalt
715,40420117,0.412,Sachsen-Anhalt
716,40420897,0.329,Sachsen-Anhalt
717,40427866,0.559,Sachsen-Anhalt
718,40428866,0.568,Sachsen-Anhalt
719,40423985,0.673,Sachsen-Anhalt
720,40427166,0.374,Sachsen-Anhalt
721,40420185,1.727,Sachsen-Anhalt
722,40420209,0.29,Sachsen-Anhalt
723,40425497,0.093,Sachsen-Anhalt
724,40435597,0.265,Sachsen-Anhalt
725,40430797,0.187,Sachsen-Anhalt
726,40430181,0.344,Sachsen-Anhalt
727,40437481,0.211,Sachsen-Anhalt
728,40439481,0.226,Sachsen-Anhalt
729,40439281,0.351,Sachsen-Anhalt
730,40431297,0.184,Sachsen-Anhalt
731,40437781,0.282,Sachsen-Anhalt
732,40439781,0.276,Sachsen-Anhalt
733,41431397,0.183,Sachsen-Anhalt
734,41431981,0.13,Sachsen-Anhalt
735,41420609,0.078,Sachsen-Anhalt
736,41425697,0.117,Sachsen-Anhalt
737,41425797,0.311,Sachsen-Anhalt
738,41438468,0.258,Sachsen-Anhalt
739,41435897,0.125,Sachsen-Anhalt
740,41447271,0.108,Sachsen-Anhalt
741,41449271,0.125,Sachsen-Anhalt
742,41440510,0.265,Sachsen-Anhalt
743,42441276,0.079,Sachsen-Anhalt
744,42447170,0.113,Sachsen-Anhalt
745,42440310,0.267,Sachsen-Anhalt
746,41435997,0.124,Sachsen-Anhalt
747,41437403,0.277,Sachsen-Anhalt
748,41439403,0.117,Sachsen-Anhalt
749,41430206,0.266,Sachsen-Anhalt
750,42437503,0.293,Sachsen-Anhalt
751,42439503,0.159,Sachsen-Anhalt
752,42437605,0.318,Sachsen-Anhalt
753,42430106,0.274,Sachsen-Anhalt
754,42436097,0.161,Sachsen-Anhalt
755,42446297,0.127,Sachsen-Anhalt
756,42441997,0.156,Sachsen-Anhalt
757,42447370,0.122,Sachsen-Anhalt
758,42448370,0.135,Sachsen-Anhalt
759,42449370,0.137,Sachsen-Anhalt
760,43436197,0.181,Sachsen-Anhalt
761,43435097,0.28,Sachsen-Anhalt
762,43435116,0.399,Sachsen-Anhalt
763,41417101,0.212,Sachsen-Anhalt
764,41419101,0.215,Sachsen-Anhalt
765,41410409,0.219,Sachsen-Anhalt
766,41425097,0.264,Sachsen-Anhalt
767,41424197,0.262,Sachsen-Anhalt
768,42437070,0.254,Sachsen-Anhalt
769,42439070,0.207,Sachsen-Anhalt
770,42437670,0.151,Sachsen-Anhalt
771,42439670,0.149,Sachsen-Anhalt
772,42430107,0.153,Sachsen-Anhalt
773,42437270,0.191,Sachsen-Anhalt
774,42438270,0.203,Sachsen-Anhalt
775,42439270,0.289,Sachsen-Anhalt
776,42435142,0.434,Sachsen-Anhalt
777,42437170,0.3,Sachsen-Anhalt
778,42439170,0.242,Sachsen-Anhalt
779,42420397,0.606,Sachsen-Anhalt
780,42436003,0.398,Sachsen-Anhalt
781,42420104,0.33,Sachsen-Anhalt
782,43439420,0.519,Sachsen-Anhalt
783,43427493,0.189,Sachsen-Anhalt
784,43429493,0.383,Sachsen-Anhalt
785,43420193,0.141,Sachsen-Anhalt
786,43427678,0.17,Sachsen-Anhalt
787,43429678,0.098,Sachsen-Anhalt
788,43420293,0.132,Sachsen-Anhalt
789,43429421,0.287,Sachsen-Anhalt
790,43427778,0.135,Sachsen-Anhalt
791,43429778,0.141,Sachsen-Anhalt
792,42424397,0.115,Sachsen-Anhalt
793,42424597,0.325,Sachsen-Anhalt
794,42424297,0.137,Sachsen-Anhalt
795,42424097,0.146,Sachsen-Anhalt
796,42420497,0.152,Sachsen-Anhalt
797,42420008,0.121,Sachsen-Anhalt
798,42420012,0.175,Sachsen-Anhalt
799,42420112,0.209,Sachsen-Anhalt
800,42417016,0.155,Sachsen-Anhalt
801,42419006,0.151,Sachsen-Anhalt
802,42410008,0.118,Sachsen-Anhalt
803,42413397,0.108,Sachsen-Anhalt
804,42410003,0.079,Sachsen-Anhalt
805,42410610,0.116,Sachsen-Anhalt
806,42415306,0.266,Sachsen-Anhalt
807,42420709,0.323,Sachsen-Anhalt
808,42422209,0.35,Sachsen-Anhalt
809,43416471,1.576,Sachsen-Anhalt
810,43417471,0.328,Sachsen-Anhalt
811,43418471,0.364,Sachsen-Anhalt
812,43419471,0.323,Sachsen-Anhalt
813,43410106,0.113,Sachsen-Anhalt
814,43411797,0.309,Sachsen-Anhalt
815,43416171,0.658,Sachsen-Anhalt
816,43417171,1.006,Sachsen-Anhalt
817,43419171,0.395,Sachsen-Anhalt
818,43417271,0.352,Sachsen-Anhalt
819,43417371,3.591,Sachsen-Anhalt
820,43419371,1.314,Sachsen-Anhalt
821,49381020,1.092,Sachsen-Anhalt
822,49390004,0.304,Sachsen-Anhalt
823,49390021,0.278,Sachsen-Anhalt
824,49381209,1.35,Sachsen-Anhalt
825,49381010,0.216,Sachsen-Anhalt
826,49390103,3.762,Sachsen-Anhalt
827,49381030,0.358,Sachsen-Anhalt
828,49390053,0.995,Sachsen-Anhalt
829,49390054,0.985,Sachsen-Anhalt
830,49390055,0.984,Sachsen-Anhalt
831,49390102,3.704,Sachsen-Anhalt
832,49390001,0.811,Sachsen-Anhalt
833,49397154,0.344,Sachsen-Anhalt
834,49399154,0.228,Sachsen-Anhalt
835,49390101,1.925,Sachsen-Anhalt
836,49397193,0.259,Sachsen-Anhalt
837,49399193,0.346,Sachsen-Anhalt
838,49391020,0.354,Sachsen-Anhalt
839,49398195,0.393,Sachsen-Anhalt
840,49399195,0.385,Sachsen-Anhalt
841,49397143,0.337,Sachsen-Anhalt
842,49399143,0.336,Sachsen-Anhalt
843,49397327,0.327,Sachsen-Anhalt
844,49399327,0.327,Sachsen-Anhalt
845,49390127,0.328,Sachsen-Anhalt
846,49397128,0.306,Sachsen-Anhalt
847,49399128,0.319,Sachsen-Anhalt
848,48391010,0.336,Sachsen-Anhalt
849,48390162,0.339,Sachsen-Anhalt
850,48390163,0.356,Sachsen-Anhalt
851,48390001,0.754,Sachsen-Anhalt
852,48390002,2.549,Sachsen-Anhalt
853,49370901,0.312,Sachsen-Anhalt
854,49371001,0.429,Sachsen-Anhalt
855,49370601,0.492,Sachsen-Anhalt
856,49380801,0.62,Sachsen-Anhalt
857,49370701,0.758,Sachsen-Anhalt
858,49371101,0.27,Sachsen-Anhalt
859,49377292,0.551,Sachsen-Anhalt
860,49379292,0.995,Sachsen-Anhalt
861,48377392,2.145,Sachsen-Anhalt
862,48379392,1.136,Sachsen-Anhalt
863,48377492,2.066,Sachsen-Anhalt
864,48379492,1.206,Sachsen-Anhalt
865,48370501,0.541,Sachsen-Anhalt
866,48380112,0.346,Sachsen-Anhalt
867,48387010,0.197,Sachsen-Anhalt
868,48388010,0.31,Sachsen-Anhalt
869,48389010,0.129,Sachsen-Anhalt
870,48381100,0.4,Sachsen-Anhalt
871,48380202,0.474,Sachsen-Anhalt
872,49361201,0.155,Sachsen-Anhalt
873,48361301,2.392,Sachsen-Anhalt
874,48360107,0.444,Sachsen-Anhalt
875,48370011,0.243,Sachsen-Anhalt
876,48370592,0.277,Sachsen-Anhalt
877,48370401,0.346,Sachsen-Anhalt
878,48380396,0.504,Sachsen-Anhalt
879,48370010,0.123,Sachsen-Anhalt
880,48370023,0.246,Sachsen-Anhalt
881,48370301,0.574,Sachsen-Anhalt
882,48377373,1.073,Sachsen-Anhalt
883,48379373,0.733,Sachsen-Anhalt
884,48372097,0.21,Sachsen-Anhalt
885,48370009,0.336,Sachsen-Anhalt
886,48370014,0.237,Sachsen-Anhalt
887,48360716,0.23,Sachsen-Anhalt
888,47370302,0.286,Sachsen-Anhalt
889,47370101,0.474,Sachsen-Anhalt
890,47380201,0.803,Sachsen-Anhalt
891,47381030,1.695,Sachsen-Anhalt
892,47381060,0.246,Sachsen-Anhalt
893,47381010,0.191,Sachsen-Anhalt
894,47380002,0.235,Sachsen-Anhalt
895,48381080,0.462,Sachsen-Anhalt
896,47380051,0.059,Sachsen-Anhalt
897,47390008,0.149,Sachsen-Anhalt
898,47380102,0.476,Sachsen-Anhalt
899,47380007,0.278,Sachsen-Anhalt
900,47380013,0.313,Sachsen-Anhalt
901,47378837,0.245,Sachsen-Anhalt
902,47370035,0.404,Sachsen-Anhalt
903,47371401,0.299,Sachsen-Anhalt
904,47379245,0.229,Sachsen-Anhalt
905,47370696,0.235,Sachsen-Anhalt
906,47371501,0.553,Sachsen-Anhalt
907,47371601,0.941,Sachsen-Anhalt
908,47361701,0.47,Sachsen-Anhalt
909,47360014,1.066,Sachsen-Anhalt
910,47361197,0.841,Sachsen-Anhalt
911,47360392,0.402,Sachsen-Anhalt
912,47360492,0.355,Sachsen-Anhalt
913,47360001,0.124,Sachsen-Anhalt
914,47360192,0.219,Sachsen-Anhalt
915,47366287,0.165,Sachsen-Anhalt
916,47361901,3.4,Sachsen-Anhalt
917,48352001,0.118,Sachsen-Anhalt
918,48352101,3.134,Sachsen-Anhalt
919,48350602,0.632,Sachsen-Anhalt
920,48342201,0.688,Sachsen-Anhalt
921,48350223,0.163,Sachsen-Anhalt
922,48350221,0.308,Sachsen-Anhalt
923,47350483,1.516,Sachsen-Anhalt
924,47350883,1.198,Sachsen-Anhalt
925,47350198,1.442,Sachsen-Anhalt
926,47340206,0.504,Sachsen-Anhalt
927,47340702,0.455,Sachsen-Anhalt
928,47340502,0.418,Sachsen-Anhalt
929,47346269,0.354,Sachsen-Anhalt
930,47350197,0.221,Sachsen-Anhalt
931,47357776,0.567,Sachsen-Anhalt
932,47359776,0.548,Sachsen-Anhalt
933,47356282,0.27,Sachsen-Anhalt
934,47366042,0.231,Sachsen-Anhalt
935,47366045,0.249,Sachsen-Anhalt
936,47362009,1.158,Sachsen-Anhalt
937,47361169,0.579,Sachsen-Anhalt
938,47362198,4.369,Sachsen-Anhalt
939,47361198,2.645,Sachsen-Anhalt
940,47369007,0.864,Sachsen-Anhalt
941,47380197,0.353,Sachsen-Anhalt
942,46380011,0.056,Sachsen-Anhalt
943,46381010,0.337,Sachsen-Anhalt
944,46381409,0.315,Sachsen-Anhalt
945,46390007,0.263,Sachsen-Anhalt
946,46380504,0.204,Sachsen-Anhalt
947,46380502,0.361,Sachsen-Anhalt
948,46380196,0.28,Sachsen-Anhalt
949,46376000,0.431,Sachsen-Anhalt
950,46384533,0.161,Sachsen-Anhalt
951,46370111,0.163,Sachsen-Anhalt
952,46370130,0.293,Sachsen-Anhalt
953,46371210,0.71,Sachsen-Anhalt
954,46368783,0.645,Sachsen-Anhalt
955,46373300,0.406,Sachsen-Anhalt
956,46366881,0.129,Sachsen-Anhalt
957,46360002,0.536,Sachsen-Anhalt
958,46362116,0.925,Sachsen-Anhalt
959,47361113,2.062,Sachsen-Anhalt
960,47350402,0.331,Sachsen-Anhalt
961,46351813,0.356,Sachsen-Anhalt
962,46350389,0.463,Sachsen-Anhalt
963,46350111,0.537,Sachsen-Anhalt
964,46352013,0.178,Sachsen-Anhalt
965,45350026,0.605,Sachsen-Anhalt
966,46351913,1.205,Sachsen-Anhalt
967,45341302,0.356,Sachsen-Anhalt
968,45341088,0.271,Sachsen-Anhalt
969,45340987,0.23,Sachsen-Anhalt
970,45341287,1.299,Sachsen-Anhalt
971,45340487,1.188,Sachsen-Anhalt
972,45341487,1.08,Sachsen-Anhalt
973,46340002,0.143,Sachsen-Anhalt
974,46340001,0.149,Sachsen-Anhalt
975,46341402,0.208,Sachsen-Anhalt
976,45346620,0.22,Sachsen-Anhalt
977,45341709,0.125,Sachsen-Anhalt
978,45341102,0.946,Sachsen-Anhalt
979,46350002,0.439,Sachsen-Anhalt
980,45350025,0.945,Sachsen-Anhalt
981,45351713,0.198,Sachsen-Anhalt
982,45350027,0.902,Sachsen-Anhalt
983,45351028,0.299,Sachsen-Anhalt
984,45351587,0.415,Sachsen-Anhalt
985,45350587,0.575,Sachsen-Anhalt
986,45340267,0.269,Sachsen-Anhalt
987,45340268,0.154,Sachsen-Anhalt
988,45340269,0.083,Sachsen-Anhalt
989,45340196,0.922,Sachsen-Anhalt
990,45341202,0.466,Sachsen-Anhalt
991,44340182,0.468,Sachsen-Anhalt
992,44340198,0.782,Sachsen-Anhalt
993,44340774,1.523,Sachsen-Anhalt
994,44350110,0.134,Sachsen-Anhalt
995,44350022,0.277,Sachsen-Anhalt
996,44350008,,Sachsen-Anhalt
997,44350005,0.237,Sachsen-Anhalt
998,44350003,0.335,Sachsen-Anhalt
999,44350002,0.293,Sachsen-Anhalt
1000,44350001,0.238,Sachsen-Anhalt
1001,45350029,0.956,Sachsen-Anhalt
1002,45350033,0.602,Sachsen-Anhalt
1003,45350031,0.668,Sachsen-Anhalt
1004,45350032,0.286,Sachsen-Anhalt
1005,45350116,0.233,Sachsen-Anhalt
1006,45369062,0.228,Sachsen-Anhalt
1007,45360105,0.131,Sachsen-Anhalt
1008,45360211,0.259,Sachsen-Anhalt
1009,45360596,0.341,Sachsen-Anhalt
1010,45360003,0.14,Sachsen-Anhalt
1011,45361413,0.827,Sachsen-Anhalt
1012,46361313,1.172,Sachsen-Anhalt
1013,46350001,0.215,Sachsen-Anhalt
1014,46360108,1.43,Sachsen-Anhalt
1015,46360696,0.797,Sachsen-Anhalt
1016,46360513,1.191,Sachsen-Anhalt
1017,46368762,0.404,Sachsen-Anhalt
1018,46360613,0.31,Sachsen-Anhalt
1019,46370910,0.685,Sachsen-Anhalt
1020,45370713,0.312,Sachsen-Anhalt
1021,45370813,0.609,Sachsen-Anhalt
1022,45360005,2.039,Sachsen-Anhalt
1023,45360007,1.118,Sachsen-Anhalt
1024,45360018,0.465,Sachsen-Anhalt
1025,45360107,0.17,Sachsen-Anhalt
1026,45360196,1.864,Sachsen-Anhalt
1027,45360110,0.093,Sachsen-Anhalt
1028,45360296,0.347,Sachsen-Anhalt
1029,45360061,0.2,Sachsen-Anhalt
1030,45360060,0.121,Sachsen-Anhalt
1031,45360209,0.418,Sachsen-Anhalt
1032,45360309,0.505,Sachsen-Anhalt
1033,45370020,0.721,Sachsen-Anhalt
1034,45370330,0.864,Sachsen-Anhalt
1035,45370410,0.428,Sachsen-Anhalt
1036,45376000,0.489,Sachsen-Anhalt
1037,45370024,0.267,Sachsen-Anhalt
1038,45371005,0.284,Sachsen-Anhalt
1039,45374600,0.322,Sachsen-Anhalt
1040,45370260,0.261,Sachsen-Anhalt
1041,45370897,0.06,Sachsen-Anhalt
1042,45381097,0.382,Sachsen-Anhalt
1043,45370203,0.092,Sachsen-Anhalt
1044,45371a97,0.134,Sachsen-Anhalt
1045,45380250,0.132,Sachsen-Anhalt
1046,45380313,0.161,Sachsen-Anhalt
1047,45380107,0.279,Sachsen-Anhalt
1048,45390004,0.382,Sachsen-Anhalt
1049,45380011,0.882,Sachsen-Anhalt
1050,45380413,0.27,Sachsen-Anhalt
1051,45387294,0.15,Sachsen-Anhalt
1052,45389294,0.386,Sachsen-Anhalt
1053,45380015,0.205,Sachsen-Anhalt
1054,45380021,0.358,Sachsen-Anhalt
1055,45387494,0.801,Sachsen-Anhalt
1056,45389494,0.258,Sachsen-Anhalt
1057,45375899,0.433,Sachsen-Anhalt
1058,45379040,0.268,Sachsen-Anhalt
1059,45370130,0.17,Sachsen-Anhalt
1060,45380230,0.324,Sachsen-Anhalt
1061,45387194,1.216,Sachsen-Anhalt
1062,45389194,0.34,Sachsen-Anhalt
1063,45394376,1.618,Sachsen-Anhalt
1064,45380017,2.499,Sachsen-Anhalt
1065,45380010,1.684,Sachsen-Anhalt
1066,45380808,0.219,Sachsen-Anhalt
1067,45380210,0.192,Sachsen-Anhalt
1068,45380005,0.448,Sachsen-Anhalt
1069,45380009,1.404,Sachsen-Anhalt
1070,45382409,0.43,Sachsen-Anhalt
1071,44381309,0.313,Sachsen-Anhalt
1072,45380871,0.43,Sachsen-Anhalt
1073,45380872,0.454,Sachsen-Anhalt
1074,44380007,0.483,Sachsen-Anhalt
1075,44380214,0.244,Sachsen-Anhalt
1076,44380027,0.296,Sachsen-Anhalt
1077,44370106,0.39,Sachsen-Anhalt
1078,44370031,0.574,Sachsen-Anhalt
1079,44380104,0.335,Sachsen-Anhalt
1080,45380220,0.218,Sachsen-Anhalt
1081,45373998,0.216,Sachsen-Anhalt
1082,45370120,0.268,Sachsen-Anhalt
1083,45373798,0.216,Sachsen-Anhalt
1084,45370031,0.383,Sachsen-Anhalt
1085,45371500,0.134,Sachsen-Anhalt
1086,45370030,0.466,Sachsen-Anhalt
1087,45370128,0.441,Sachsen-Anhalt
1088,45370067,0.415,Sachsen-Anhalt
1089,45371306,0.175,Sachsen-Anhalt
1090,45370105,0.27,Sachsen-Anhalt
1091,45373697,0.211,Sachsen-Anhalt
1092,44375098,0.152,Sachsen-Anhalt
1093,44370610,0.155,Sachsen-Anhalt
1094,44370140,0.179,Sachsen-Anhalt
1095,44394076,1.598,Sachsen-Anhalt
1096,44393876,1.965,Sachsen-Anhalt
1097,44393276,2.272,Sachsen-Anhalt
1098,44392576,2.208,Sachsen-Anhalt
1099,44392676,1.829,Sachsen-Anhalt
1100,44390001,2.225,Sachsen-Anhalt
1101,44380018,0.153,Sachsen-Anhalt
1102,44380001,0.331,Sachsen-Anhalt
1103,44380502,0.277,Sachsen-Anhalt
1104,44380030,0.256,Sachsen-Anhalt
1105,44380006,0.304,Sachsen-Anhalt
1106,44380110,0.305,Sachsen-Anhalt
1107,44372596,1.159,Sachsen-Anhalt
1108,44373298,0.195,Sachsen-Anhalt
1109,44370001,0.194,Sachsen-Anhalt
1110,44370004,0.286,Sachsen-Anhalt
1111,44370009,0.472,Sachsen-Anhalt
1112,44370010,0.411,Sachsen-Anhalt
1113,44370017,0.247,Sachsen-Anhalt
1114,44370033,0.23,Sachsen-Anhalt
1115,44370320,0.286,Sachsen-Anhalt
1116,44370023,0.3,Sachsen-Anhalt
1117,44370034,0.201,Sachsen-Anhalt
1118,44360881,2.721,Sachsen-Anhalt
1119,44362869,0.319,Sachsen-Anhalt
1120,44360033,0.199,Sachsen-Anhalt
1121,44357785,1.521,Sachsen-Anhalt
1122,44359785,1.155,Sachsen-Anhalt
1123,44357885,2.683,Sachsen-Anhalt
1124,44320202,0.09,Sachsen-Anhalt
1125,45326675,0.14,Sachsen-Anhalt
1126,45326671,0.306,Sachsen-Anhalt
1127,45326680,0.109,Sachsen-Anhalt
1128,45320211,0.133,Sachsen-Anhalt
1129,45320198,0.145,Sachsen-Anhalt
1130,45316667,0.252,Sachsen-Anhalt
1131,45326683,0.206,Sachsen-Anhalt
1132,45319209,0.22,Sachsen-Anhalt
1133,45319210,0.13,Sachsen-Anhalt
1134,45320602,0.92,Sachsen-Anhalt
1135,45320217,0.2,Sachsen-Anhalt
1136,45320111,0.21,Sachsen-Anhalt
1137,45320702,0.353,Sachsen-Anhalt
1138,45326569,0.194,Sachsen-Anhalt
1139,45326516,0.188,Sachsen-Anhalt
1140,45329211,0.293,Sachsen-Anhalt
1141,45329212,0.297,Sachsen-Anhalt
1142,45320329,0.246,Sachsen-Anhalt
1143,45320802,0.175,Sachsen-Anhalt
1144,45330401,0.095,Sachsen-Anhalt
1145,45330301,0.214,Sachsen-Anhalt
1146,45336572,0.239,Sachsen-Anhalt
1147,45331009,0.159,Sachsen-Anhalt
1148,45336579,0.209,Sachsen-Anhalt
1149,45330902,1.976,Sachsen-Anhalt
1150,45336589,0.234,Sachsen-Anhalt
1151,45336585,0.146,Sachsen-Anhalt
1152,45330104,0.468,Sachsen-Anhalt
1153,45339025,0.142,Sachsen-Anhalt
1154,45336600,0.128,Sachsen-Anhalt
1155,45330101,0.205,Sachsen-Anhalt
1156,45330201,0.13,Sachsen-Anhalt
1157,45336609,0.255,Sachsen-Anhalt
1158,45331002,0.535,Sachsen-Anhalt
1159,45330198,0.604,Sachsen-Anhalt
1160,44330402,0.391,Sachsen-Anhalt
1161,44339213,0.287,Sachsen-Anhalt
1162,44340974,0.353,Sachsen-Anhalt
1163,44340874,1.756,Sachsen-Anhalt
1164,44341596,0.649,Sachsen-Anhalt
1165,44347474,0.351,Sachsen-Anhalt
1166,44349474,0.576,Sachsen-Anhalt
1167,43340004,0.149,Sachsen-Anhalt
1168,43340003,0.32,Sachsen-Anhalt
1169,43340001,0.31,Sachsen-Anhalt
1170,44351109,0.582,Sachsen-Anhalt
1171,43350015,0.634,Sachsen-Anhalt
1172,44357685,0.862,Sachsen-Anhalt
1173,44350396,2.953,Sachsen-Anhalt
1174,44357984,0.283,Sachsen-Anhalt
1175,43352196,0.308,Sachsen-Anhalt
1176,43360013,0.358,Sachsen-Anhalt
1177,44350014,0.481,Sachsen-Anhalt
1178,44367483,1.195,Sachsen-Anhalt
1179,44369483,1.453,Sachsen-Anhalt
1180,44361869,0.557,Sachsen-Anhalt
1181,44362569,0.659,Sachsen-Anhalt
1182,44360001,0.329,Sachsen-Anhalt
1183,44360131,0.988,Sachsen-Anhalt
1184,44360781,0.853,Sachsen-Anhalt
1185,44360065,0.396,Sachsen-Anhalt
1186,43360022,0.277,Sachsen-Anhalt
1187,43360003,0.419,Sachsen-Anhalt
1188,43361008,0.225,Sachsen-Anhalt
1189,43360009,0.229,Sachsen-Anhalt
1190,43360020,0.297,Sachsen-Anhalt
1191,43360021,0.504,Sachsen-Anhalt
1192,43360019,0.196,Sachsen-Anhalt
1193,43370014,0.227,Sachsen-Anhalt
1194,44390104,0.7,Sachsen-Anhalt
1195,44392197,1.061,Sachsen-Anhalt
1196,44391474,1.283,Sachsen-Anhalt
1197,44391374,1.285,Sachsen-Anhalt
1198,44390674,1.25,Sachsen-Anhalt
1199,44390109,0.257,Sachsen-Anhalt
1200,44390016,0.827,Sachsen-Anhalt
1201,44380574,0.988,Sachsen-Anhalt
1202,44380013,0.95,Sachsen-Anhalt
1203,44380026,0.941,Sachsen-Anhalt
1204,44380114,0.425,Sachsen-Anhalt
1205,44380072,0.562,Sachsen-Anhalt
1206,44380073,0.472,Sachsen-Anhalt
1207,44380061,0.878,Sachsen-Anhalt
1208,44381710,0.495,Sachsen-Anhalt
1209,43380039,0.34,Sachsen-Anhalt
1210,43380232,0.423,Sachsen-Anhalt
1211,43380037,0.373,Sachsen-Anhalt
1212,43380234,0.167,Sachsen-Anhalt
1213,43380046,0.394,Sachsen-Anhalt
1214,43370009,0.217,Sachsen-Anhalt
1215,43370021,0.197,Sachsen-Anhalt
1216,43370032,0.438,Sachsen-Anhalt
1217,43370710,0.335,Sachsen-Anhalt
1218,43370005,0.372,Sachsen-Anhalt
1219,43370015,0.535,Sachsen-Anhalt
1220,44370032,0.236,Sachsen-Anhalt
1221,44370035,0.238,Sachsen-Anhalt
1222,44370014,0.472,Sachsen-Anhalt
1223,44370025,0.12,Sachsen-Anhalt
1224,44371110,0.488,Sachsen-Anhalt
1225,44370020,0.326,Sachsen-Anhalt
1226,44380025,0.869,Sachsen-Anhalt
1227,44380016,0.231,Sachsen-Anhalt
1228,44380033,0.191,Sachsen-Anhalt
1229,44380708,0.353,Sachsen-Anhalt
1230,43380045,0.418,Sachsen-Anhalt
